channel,m1,c1,m2,c2,sideslip,vw,middle_alpha
C_L,0.0028697387690341633,0.21430454341437227,0.003629690145789622,0.21232866983480808,-20.0,5.0,2.6
C_D,0.0002596343056298167,0.877997063735385,0.002617797320624837,0.871865839896398,-20.0,5.0,2.6
C_S,-0.00030080324112337267,0.38375689984723377,0.001657588115427043,0.3786650823202027,-20.0,5.0,2.6
C_roll,0.0024544861896643117,-0.33749824502674813,0.0040121614186139545,-0.3415482006220172,-20.0,5.0,2.6
C_pitch,-0.008695701431014287,0.5591201005535532,-0.009444485963972253,0.561066940339244,-20.0,5.0,2.6
C_yaw,0.0017122209656622305,0.34197962318364067,0.0026508329079988286,0.3395392321335655,-20.0,5.0,2.6
C_L,0.0011514035847091499,0.2143942783226834,0.0019032296058243883,0.2124395306677838,-20.0,10.0,2.6
C_D,0.0003966178545984922,0.8814217421567536,0.0015704055526109036,0.8783698941419213,-20.0,10.0,2.6
C_S,0.0010334749475817756,0.2827483034065776,-0.0003726061364173938,0.2864041142249754,-20.0,10.0,2.6
C_roll,0.002561807522015884,-0.349514521006302,0.0021354454934365964,-0.34840597973199583,-20.0,10.0,2.6
C_pitch,-0.007256213867759095,0.5712258231251334,-0.008059615424515653,0.5733146671727004,-20.0,10.0,2.6
C_yaw,0.0022391264254059957,0.27229780546986504,0.0010937692030000398,0.2752757342481205,-20.0,10.0,2.6
C_L,0.0005527500129331249,0.21113493441124087,0.0012982473255553234,0.20919664139842314,-20.0,15.0,2.6
C_D,0.000489889460679489,0.8803981260568673,0.0009466786201344034,0.8792104742422845,-20.0,15.0,2.6
C_S,0.0005034051031256011,0.2580309459530688,-0.000732968821448875,0.26124551815696245,-20.0,15.0,2.6
C_roll,0.0023608133854101988,-0.3437273340894435,0.002232972629008092,-0.343394948122798,-20.0,15.0,2.6
C_pitch,-0.007264386510740182,0.5715556124046764,-0.007402843413384864,0.5719156003515525,-20.0,15.0,2.6
C_yaw,0.0020156098414030083,0.25793059857827544,0.0007506533410322955,0.2612194854792393,-20.0,15.0,2.6
C_L,0.0007126088532874861,0.20288626974667112,0.0009404785337267957,0.2022938085775289,-20.0,20.0,2.6
C_D,0.000149335486608062,0.8625690713181319,0.001345718424980171,0.8594584756783644,-20.0,20.0,2.6
C_S,-3.755547605483946e-05,0.2477009620002417,1.9845171736055438e-05,0.24755172031598535,-20.0,20.0,2.6
C_roll,0.0017933222860774293,-0.3427029821963917,0.002312997902788153,-0.3440541387998396,-20.0,20.0,2.6
C_pitch,-0.006810130278315303,0.5774927800086385,-0.006006759322656207,0.5754040155239247,-20.0,20.0,2.6
C_yaw,0.0019052132411597465,0.24799215683218934,0.0008957719102890409,0.2506167042924532,-20.0,20.0,2.6
C_L,0.000838277682375383,0.1953040291194513,0.0007769808467964311,0.19546340089195657,-20.0,25.0,2.6
C_D,0.00048341664149560286,0.8635290283820365,0.0011667254598125968,0.8617524254544122,-20.0,25.0,2.6
C_S,0.00011066110057484753,0.2498009454934188,-0.00012200848893746208,0.2504058864261508,-20.0,25.0,2.6
C_roll,0.002150040946626876,-0.34176048306618617,0.0021676582573414024,-0.34180628807404395,-20.0,25.0,2.6
C_pitch,-0.00726879173387898,0.588418863988278,-0.006214848242662486,0.5856786109111152,-20.0,25.0,2.6
C_yaw,0.0019060963968115735,0.24688456284794372,0.0008463368719301326,0.24963993761263545,-20.0,25.0,2.6
C_L,0.0032942367429039422,0.21782153848676344,0.0025188407772985203,0.21983756799733756,-14.0,5.0,2.6
C_D,0.000823820896421768,0.7762381847169527,0.0019147502148230157,0.7734017684891096,-14.0,5.0,2.6
C_S,0.0003726035514582255,0.24152846812225082,0.0011960299810320333,0.2393875594053589,-14.0,5.0,2.6
C_roll,0.0007514251539961152,-0.22557562684027668,0.0027099969465950403,-0.2306679135010339,-14.0,5.0,2.6
C_pitch,-0.007987443825432372,0.4601698168025877,-0.00728267301073982,0.45833741268438705,-14.0,5.0,2.6
C_yaw,0.0014904778996809327,0.2654494813400712,0.0016689408153951828,0.26498547775921416,-14.0,5.0,2.6
C_L,0.0008924298344315912,0.20499526565978546,0.002072076404781913,0.20192818457687461,-14.0,10.0,2.6
C_D,0.00020874746240662898,0.7766938637313615,0.0015713883081414637,0.773150997532451,-14.0,10.0,2.6
C_S,-6.542949499526902e-05,0.16630323095797678,0.0009001617352575766,0.1637926937593194,-14.0,10.0,2.6
C_roll,0.0012019062379505575,-0.23157339895369344,0.0010184700920713066,-0.2310964649744074,-14.0,10.0,2.6
C_pitch,-0.00653036577839691,0.48162240647035764,-0.007274010786249473,0.48355588349077433,-14.0,10.0,2.6
C_yaw,0.0011312213287899848,0.21269578698789526,0.0011735670434454616,0.212585688129791,-14.0,10.0,2.6
C_L,0.00045560414834634744,0.2022398177630068,0.0015718440516059927,0.19933759401453174,-14.0,15.0,2.6
C_D,-0.0004154216810434752,0.7690700229194054,0.0013311768623090901,0.7645288667066887,-14.0,15.0,2.6
C_S,0.0004822096091417222,0.15186413736039872,0.00037714468023744725,0.15213730617554985,-14.0,15.0,2.6
C_roll,0.0011969529024104986,-0.2297077284131294,0.0011327125560386443,-0.22954070351256256,-14.0,15.0,2.6
C_pitch,-0.006528776253764218,0.4805906351772233,-0.006349643346335619,0.4801248896179089,-14.0,15.0,2.6
C_yaw,0.0012073081672066663,0.19989539503635925,0.0007784581289465476,0.20101040513583557,-14.0,15.0,2.6
C_L,0.0006681994888454096,0.19841190265045142,0.0007399329490743898,0.19822539565385608,-14.0,20.0,2.6
C_D,-0.00020167307091563264,0.7610802513947788,0.0009061802581821279,0.7581998327391245,-14.0,20.0,2.6
C_S,0.0002543047837490376,0.15101507846092588,0.00032864292927833975,0.1508217992825497,-14.0,20.0,2.6
C_roll,0.001116418773805811,-0.2287769720286907,0.0013567527797261425,-0.22940184044408357,-14.0,20.0,2.6
C_pitch,-0.006732279822241368,0.48818907849524745,-0.005564357609801199,0.485152480742903,-14.0,20.0,2.6
C_yaw,0.0012459295207690908,0.19664334298995886,0.0005603149679806019,0.19842594082720894,-14.0,20.0,2.6
C_L,0.0009539433853822908,0.19891780019369323,0.0008185702115265468,0.19926977044571817,-14.0,25.0,2.6
C_D,0.0009663658977506224,0.7680363926317675,0.00034723748725648594,0.7696461264990523,-14.0,25.0,2.6
C_S,0.000506555643810042,0.14824927133201718,0.00027007366304530525,0.1488641244820055,-14.0,25.0,2.6
C_roll,0.0009592052221337742,-0.2253726189998538,0.0013768072417031122,-0.22645838425073408,-14.0,25.0,2.6
C_pitch,-0.006307506057091223,0.4911326593319186,-0.006193130505585309,0.4908352828980032,-14.0,25.0,2.6
C_yaw,0.0016670915300441725,0.19723569659978157,0.00037101693398390833,0.20060549054953825,-14.0,25.0,2.6
C_L,0.00275044291736846,0.2072044498860384,0.0033836468069065365,0.2055581197732394,-12.0,5.0,2.6
C_D,-0.0004524081681399988,0.7399362111447041,0.0027844013804490943,0.7315205063183725,-12.0,5.0,2.6
C_S,0.00033962262979542564,0.185661154380426,0.0013954314735011475,0.18291605138679112,-12.0,5.0,2.6
C_roll,0.000594394721631774,-0.178119562689512,0.0015826840914445008,-0.1806891150510251,-12.0,5.0,2.6
C_pitch,-0.007857929881371448,0.43857273966536797,-0.007975855834920165,0.4388793471445946,-12.0,5.0,2.6
C_yaw,0.0005701164963081539,0.2343920530021101,0.0018147596359392852,0.23115598083906916,-12.0,5.0,2.6
C_L,0.0018608733232827275,0.2113806565110912,0.0012808413991659531,0.21288873951379483,-12.0,10.0,2.6
C_D,0.00018300001020549295,0.7464590849202052,0.0010651748372770453,0.7441654303698191,-12.0,10.0,2.6
C_S,0.0002207157042471251,0.1255091183629126,0.00091567169671458,0.1237022327824972,-12.0,10.0,2.6
C_roll,0.0005884134823292473,-0.19039477838631974,0.000971659819487426,-0.191391218862931,-12.0,10.0,2.6
C_pitch,-0.007477243974094027,0.4365776291786266,-0.005851022202211168,0.43234945257173113,-12.0,10.0,2.6
C_yaw,0.0008860598399127368,0.195501926969356,0.0008950456818986386,0.19547856378019265,-12.0,10.0,2.6
C_L,0.0007227405904166163,0.1998590609024164,0.0014950978981345218,0.19785093190234984,-12.0,15.0,2.6
C_D,-0.00014471360550423243,0.740460671969242,0.0012690906214418193,0.7367847809791823,-12.0,15.0,2.6
C_S,0.0002936340904994712,0.11148280554560189,0.0008302503153541567,0.1100876033609797,-12.0,15.0,2.6
C_roll,0.0008054413442541269,-0.18890638013118843,0.0007060581195964729,-0.18864798374707853,-12.0,15.0,2.6
C_pitch,-0.006635809491637137,0.4492239938862121,-0.006098493017188285,0.4478269710526451,-12.0,15.0,2.6
C_yaw,0.0007845655229449603,0.1831503906912035,0.000934238819203866,0.18276124012093034,-12.0,15.0,2.6
C_L,0.0006621747441543954,0.19536512764959227,0.000949392979567919,0.1946183602375171,-12.0,20.0,2.6
C_D,-0.00042717807966756915,0.7317027809363869,0.001013451182452411,0.7279571448548748,-12.0,20.0,2.6
C_S,0.00018077748001889198,0.11018437131042899,0.0006559347517968085,0.1089489624038064,-12.0,20.0,2.6
C_roll,0.0011250042861925844,-0.1809860190170725,0.0006252016385830671,-0.17968653213328778,-12.0,20.0,2.6
C_pitch,-0.007012796859459011,0.45264519436659123,-0.00517985670754288,0.4478795499716093,-12.0,20.0,2.6
C_yaw,0.0008671423481788614,0.17924525550029177,0.0007182739838323938,0.17963231324759257,-12.0,20.0,2.6
C_L,0.0005983120150420304,0.19085884706018041,0.0010983520925966271,0.18955874285853846,-12.0,25.0,2.6
C_D,0.0001751778272754442,0.7272499079582148,0.001456040292904038,0.7239196655475805,-12.0,25.0,2.6
C_S,0.0004128061879988956,0.11141292169439328,0.00027212148483284364,0.11177870192262501,-12.0,25.0,2.6
C_roll,0.0011367275100592784,-0.17678424356943703,0.0006282060862544363,-0.17546208786754444,-12.0,25.0,2.6
C_pitch,-0.00640868543837514,0.45682342443008744,-0.005393283910085242,0.4541833804565337,-12.0,25.0,2.6
C_yaw,0.0009959592809450821,0.18022961753826108,0.0006702891846168645,0.18107635978871447,-12.0,25.0,2.6
C_L,0.003796444850331726,0.21366779362649113,0.001652723551072615,0.21924146900456482,-10.0,5.0,2.6
C_D,5.29258187652358e-05,0.7157838211071349,0.0017272622018661022,0.7114305465110726,-10.0,5.0,2.6
C_S,-0.0005488658493693271,0.13419895171100116,0.0008691986273176593,0.130511984071615,-10.0,5.0,2.6
C_roll,6.323548160584177e-05,-0.1361822025386564,0.002259630828128804,-0.1418928304396161,-10.0,5.0,2.6
C_pitch,-0.009028838350434732,0.3922689063965512,-0.006078099840217171,0.3845969862699855,-10.0,5.0,2.6
C_yaw,5.7508121138665646e-05,0.21392110482504487,0.00143151843862376,0.21034867799958362,-10.0,5.0,2.6
C_L,0.0015142025050438434,0.2038649252678699,0.0018379857795889126,0.20302308875405273,-10.0,10.0,2.6
C_D,-5.9693636576703635e-05,0.7152197107004223,0.0015118524866774424,0.7111336907799616,-10.0,10.0,2.6
C_S,0.00020200724091875544,0.08644209518985603,0.001094057429302979,0.08412276470005706,-10.0,10.0,2.6
C_roll,0.00045451130946139027,-0.14299433602903253,0.0005165266144920597,-0.14315557582211225,-10.0,10.0,2.6
C_pitch,-0.006602017832079874,0.41268288918775614,-0.006415361760232957,0.4121975834009542,-10.0,10.0,2.6
C_yaw,0.00038805277000370837,0.17826073476121077,0.001074512246859057,0.17647594012138687,-10.0,10.0,2.6
C_L,0.001304368967026062,0.20278683251356683,0.001123071247882748,0.20325820658333946,-10.0,15.0,2.6
C_D,0.0002949847183416042,0.7149539364963026,0.0008321178390602932,0.713557390382434,-10.0,15.0,2.6
C_S,0.0007657954574444184,0.07924568629291902,0.0003515626617973002,0.08032269156160153,-10.0,15.0,2.6
C_roll,0.0004261645968096285,-0.14470441943383652,0.0008806871096221833,-0.14588617796714917,-10.0,15.0,2.6
C_pitch,-0.006530843204325352,0.41506020508820873,-0.005772444826399741,0.4130883693056021,-10.0,15.0,2.6
C_yaw,0.0007546881351804013,0.17305401118754526,0.0006199719774431505,0.1734042731976621,-10.0,15.0,2.6
C_L,0.0008806613956106239,0.19608816687502328,0.000664300975616273,0.1966507039670086,-10.0,20.0,2.6
C_D,-0.000124386307945281,0.7059577796893048,0.00029126494014556845,0.7048770864442687,-10.0,20.0,2.6
C_S,0.0005541979721544309,0.08072302187084478,-9.666710813383721e-05,0.08241527107959427,-10.0,20.0,2.6
C_roll,0.0007096118085413139,-0.13971827132551093,0.0009852517245380547,-0.14043493510710245,-10.0,20.0,2.6
C_pitch,-0.0063735631232267,0.4264382107658979,-0.006011130155203748,0.42549588504903824,-10.0,20.0,2.6
C_yaw,0.0006273166969021803,0.16948293043877222,0.0002528405512644759,0.17045656841743026,-10.0,20.0,2.6
C_L,0.0006771600656346175,0.1897005688617354,0.0008976003242700167,0.18912742418928336,-10.0,25.0,2.6
C_D,0.00040880341737085544,0.6984563107343309,0.0008934736457377632,0.6971961681405769,-10.0,25.0,2.6
C_S,-0.00010583965297765936,0.0732114858210785,0.0005729308533824576,0.0714466825045422,-10.0,25.0,2.6
C_roll,0.0008100749471613058,-0.13199261770745999,0.0004814308539001706,-0.13113814306498103,-10.0,25.0,2.6
C_pitch,-0.006356016395997702,0.42576608557589335,-0.005245657792340563,0.42287915320638475,-10.0,25.0,2.6
C_yaw,0.000592052037983163,0.16572578940297247,0.0005576102176110243,0.16581533813594002,-10.0,25.0,2.6
C_L,0.0028811720982249954,0.20474532549040622,0.0031806726706275533,0.20396662400215956,-8.0,5.0,2.6
C_D,-0.0006475241660169303,0.6844819806125032,0.0024228067457281208,0.676499120241966,-8.0,5.0,2.6
C_S,-0.0006051003069434138,0.09744042870168478,0.0009855644258046,0.09330470039653993,-8.0,5.0,2.6
C_roll,0.0008755492061118811,-0.0890352075670733,0.001055982842815171,-0.08950433502250185,-8.0,5.0,2.6
C_pitch,-0.007836638000858398,0.36853480787752935,-0.007182031999007982,0.36683283227271823,-8.0,5.0,2.6
C_yaw,-0.0005141702477498621,0.18871885318972106,0.0014796206387676567,0.1835349968847755,-8.0,5.0,2.6
C_L,0.0016416281774363126,0.20185438292046448,0.0013319876220738882,0.20265944836440677,-8.0,10.0,2.6
C_D,-0.0001514627783254809,0.6890118637897202,0.0009884351647200728,0.6860481291378018,-8.0,10.0,2.6
C_S,0.00041309790916424787,0.06693121444644586,0.00048385381221699284,0.06674724909850872,-8.0,10.0,2.6
C_roll,-8.054401996512538e-05,-0.10279582914881868,0.000825188098597126,-0.10515073265708054,-8.0,10.0,2.6
C_pitch,-0.006674755727838784,0.37837300612220576,-0.005634196935375133,0.37566755326180024,-8.0,10.0,2.6
C_yaw,0.00015968514483455067,0.16840561016388264,0.0006423161878720716,0.1671507694519851,-8.0,10.0,2.6
C_L,0.0009801902397085572,0.20213780682088436,0.0013227931386404607,0.20124703928366142,-8.0,15.0,2.6
C_D,-7.727065697005636e-05,0.6863457881414323,0.0012956649264764656,0.6827761556244714,-8.0,15.0,2.6
C_S,0.00025230970067222135,0.057789394845335025,0.0005693983161526858,0.056964964445085815,-8.0,15.0,2.6
C_roll,0.0005617570209453069,-0.1000314681111789,0.00013870498093136613,-0.09893153280714265,-8.0,15.0,2.6
C_pitch,-0.006255684796619191,0.3783077148867868,-0.005368791501245414,0.376001792318815,-8.0,15.0,2.6
C_yaw,0.0003187708839529414,0.16328561574859735,0.0005520092031419941,0.1626791961187058,-8.0,15.0,2.6
C_L,0.0008658408011401733,0.19949530858437434,0.0006456331121226028,0.20006784857582002,-8.0,20.0,2.6
C_D,-0.0008877711415148328,0.671862630394914,0.000896362990811232,0.6672238816508662,-8.0,20.0,2.6
C_S,4.9034216030384504e-05,0.0565249296212652,0.00030679490875395315,0.05585475182018392,-8.0,20.0,2.6
C_roll,0.0006840607924013076,-0.0973685063602085,0.0005714792418547538,-0.09707579432878746,-8.0,20.0,2.6
C_pitch,-0.006940107300875283,0.38042851430015223,-0.004646068785212787,0.37446401415942976,-8.0,20.0,2.6
C_yaw,6.564614757052339e-05,0.15727438127081383,0.00021574670000066022,0.1568841198344955,-8.0,20.0,2.6
C_L,0.0011262755061111221,0.1934751217694622,0.0005063221151882218,0.19508700058586173,-8.0,25.0,2.6
C_D,0.0007630330056191991,0.6741579708924909,0.00028943200756595123,0.6753893334874294,-8.0,25.0,2.6
C_S,0.0004158260932029645,0.056815988728882195,0.00029184909544532,0.05713832892305207,-8.0,25.0,2.6
C_roll,0.0002661964866173398,-0.09324547669242508,0.0006638424075999279,-0.09427935608697981,-8.0,25.0,2.6
C_pitch,-0.005731730971479543,0.3895747320122699,-0.004942419240483597,0.38752252151168043,-8.0,25.0,2.6
C_yaw,0.0007488776547575365,0.1586351671563935,0.00017512116997281708,0.16012693401683376,-8.0,25.0,2.6
C_L,0.0038482765919914614,0.2212767124847069,0.0018324429434926452,0.22651787997080383,-6.0,5.0,2.6
C_D,-0.0007406006666257961,0.6645815672613324,0.0021189137933717885,0.6571468296653387,-6.0,5.0,2.6
C_S,-0.00041013622288265164,0.0988319173201381,0.0009165143775737423,0.09538262575895147,-6.0,5.0,2.6
C_roll,-9.233637655769501e-05,-0.09524970062522199,0.001645802868904218,-0.09976886266342297,-6.0,5.0,2.6
C_pitch,-0.008809661379086843,0.3316658993710711,-0.0056624660728459095,0.3234831915748447,-6.0,5.0,2.6
C_yaw,-0.000669313407732447,0.15251694846321986,0.001433699479376108,0.14704911495673761,-6.0,5.0,2.6
C_L,0.0016193448975247741,0.2109146795247717,0.0009179326106829549,0.21273835147056042,-6.0,10.0,2.6
C_D,-0.00033316767444956964,0.6627933022222553,0.000620279233051925,0.6603143402627515,-6.0,10.0,2.6
C_S,-0.00010975842332842684,0.0663825686519176,0.0008121301891734122,0.06398565825941283,-6.0,10.0,2.6
C_roll,0.0007008691592026457,-0.08099424280876237,0.0003524815850537989,-0.08008843511597537,-6.0,10.0,2.6
C_pitch,-0.006891096067922118,0.3334099653586348,-0.004610424439012533,0.32748021912346986,-6.0,10.0,2.6
C_yaw,6.832040335875756e-05,0.14629096442216233,0.0006419566531504107,0.14479951017270404,-6.0,10.0,2.6
C_L,0.0011650043386623988,0.20411263637931265,0.0008474458074566914,0.2049382885604475,-6.0,15.0,2.6
C_D,6.260607156736612e-05,0.6556626600255845,0.0008837882337237096,0.653527586403978,-6.0,15.0,2.6
C_S,0.00041876081898847205,0.060986633926317875,0.0002882907643062746,0.061325856068491585,-6.0,15.0,2.6
C_roll,0.00034854010662391504,-0.07810660271954259,0.00041431866452931385,-0.07827762697009662,-6.0,15.0,2.6
C_pitch,-0.005680113474194404,0.34520568078357544,-0.005362294182830615,0.3443793506260296,-6.0,15.0,2.6
C_yaw,0.0006732307024366724,0.14679675690594546,9.354815505635786e-05,0.14830393152913426,-6.0,15.0,2.6
C_L,0.0006157097471001271,0.19814283735269217,0.0007446378601032395,0.19780762425888407,-6.0,20.0,2.6
C_D,-0.0007198584842016436,0.644476689824308,0.0004156371055011985,0.6415244012910806,-6.0,20.0,2.6
C_S,5.323636643693204e-05,0.05771110908120028,0.00034599831470365927,0.05694992801570679,-6.0,20.0,2.6
C_roll,0.0008718021609455419,-0.07452031183974321,0.0003885584380123144,-0.07326387816011681,-6.0,20.0,2.6
C_pitch,-0.005754933522279351,0.3483021025918359,-0.005050798115078048,0.34647135053311257,-6.0,20.0,2.6
C_yaw,4.929986088361147e-05,0.1387521144013796,0.00017537669960493367,0.13842431462070418,-6.0,20.0,2.6
C_L,0.0005756893597626436,0.1945639633572452,0.0005878616624332483,0.19453231537030166,-6.0,25.0,2.6
C_D,-0.0009158992803703528,0.6468946276796367,0.0008238358150708658,0.6423713164314895,-6.0,25.0,2.6
C_S,0.00014786785757133668,0.06529688599534712,0.00011767733006075776,0.06537538136687462,-6.0,25.0,2.6
C_roll,0.0008744308452657924,-0.08097466545005096,0.0005559819215885812,-0.0801466982484902,-6.0,25.0,2.6
C_pitch,-0.006178732166936025,0.3548176918942956,-0.004400626767018792,0.3501946178545108,-6.0,25.0,2.6
C_yaw,5.210141599908043e-05,0.1408853572897833,0.00020208122214496082,0.140495409793804,-6.0,25.0,2.6
C_L,0.00409424934410114,0.22911156286568984,0.0025669049248740958,0.23308265835568015,-4.0,5.0,2.6
C_D,0.00032919995158463516,0.6498279017029134,0.0015168716081262674,0.6467399553959051,-4.0,5.0,2.6
C_S,-0.0003593282114889965,0.07905522217393489,0.0008739104761339867,0.07584880158611514,-4.0,5.0,2.6
C_roll,-0.0006555144831492265,-0.08411968168179221,0.0015715305860061189,-0.0899099988615961,-4.0,5.0,2.6
C_pitch,-0.007947233031315793,0.31065540337454545,-0.0068127187267255146,0.30770566618261075,-4.0,5.0,2.6
C_yaw,-0.0006087851828003863,0.11754886908893271,0.0009027075992893445,0.1136189878554994,-4.0,5.0,2.6
C_L,0.0016674459777357286,0.2121117498838895,0.0011228201301557578,0.21352777708759743,-4.0,10.0,2.6
C_D,-0.00015360719273912072,0.6448733705828625,0.0004461871602438069,0.6433139052651069,-4.0,10.0,2.6
C_S,-0.0002487247858740628,0.06676481780923627,0.0006219167511121352,0.06450114981307215,-4.0,10.0,2.6
C_roll,0.0003986613319434481,-0.08241553166142906,0.0007963843427155813,-0.08344961148943661,-4.0,10.0,2.6
C_pitch,-0.00643236258984794,0.31762721301831903,-0.0047764418739515944,0.31332181915698853,-4.0,10.0,2.6
C_yaw,-0.0002696195118004022,0.11670816674794594,0.0005570568625985793,0.11455880817450859,-4.0,10.0,2.6
C_L,0.0009576954023718607,0.20828615331475447,0.0009581584573859763,0.20828494937171776,-4.0,15.0,2.6
C_D,-0.00045115115378746584,0.6392750256123887,0.0009471319761460638,0.6356394894745615,-4.0,15.0,2.6
C_S,-0.00014621322105351495,0.060344987581314236,0.0008359336567529413,0.05779140569901745,-4.0,15.0,2.6
C_roll,0.0006845891856687037,-0.07737476419380283,0.000495152363873636,-0.07688222845713566,-4.0,15.0,2.6
C_pitch,-0.005705621131835463,0.3214998806324656,-0.00483393457839708,0.31923349559352576,-4.0,15.0,2.6
C_yaw,-6.0775181480610636e-05,0.11485281699810779,0.0006560694927527109,0.11298902084510115,-4.0,15.0,2.6
C_L,0.0010569096519051971,0.2043776752296731,0.00044361729437907905,0.205972235359241,-4.0,20.0,2.6
C_D,-0.0004775960082221562,0.6329025287293641,0.00028615510028874217,0.6309167758472358,-4.0,20.0,2.6
C_S,-2.2609851598750803e-05,0.060702950698153055,-5.85215179617197e-06,0.06065938067866635,-4.0,20.0,2.6
C_roll,0.0008170931373804028,-0.07545503933888244,0.0007686199947698431,-0.07532900916809498,-4.0,20.0,2.6
C_pitch,-0.005584551106544984,0.33217171661031475,-0.0049068390224973266,0.3304096651917908,-4.0,20.0,2.6
C_yaw,-6.149785335904715e-05,0.11330783851272293,-0.00014521861942464118,0.11352551250449347,-4.0,20.0,2.6
C_L,0.000679922494069937,0.19792094043489386,0.00043931433066650546,0.1985465216597428,-4.0,25.0,2.6
C_D,-0.0004473524418398429,0.628094495643405,0.00030061695416750637,0.6261497752137859,-4.0,25.0,2.6
C_S,6.569112589975521e-05,0.06491067304566454,-2.3926811850628764e-05,0.06514367968381554,-4.0,25.0,2.6
C_roll,0.0009537007637817464,-0.07650933814673064,0.0007632295748013195,-0.07601411305538153,-4.0,25.0,2.6
C_pitch,-0.005613920799405288,0.33642586888895687,-0.004741669371439856,0.33415801517624677,-4.0,25.0,2.6
C_yaw,0.0002758979193709501,0.11493170397697673,-0.00013753941336120459,0.11600664104208033,-4.0,25.0,2.6
C_L,0.0027461010827576366,0.20930957802050346,0.002925260835499642,0.20884376266337423,-2.0,5.0,2.6
C_D,0.00027236995982610304,0.6342988558685002,0.00159660568421728,0.6308558429850832,-2.0,5.0,2.6
C_S,-0.0004340346373695888,0.053241708464284734,0.00025375209819670597,0.05145346295181237,-2.0,5.0,2.6
C_roll,-0.0003893034424128091,-0.0704123522387464,0.0017415759225680204,-0.07595263858769655,-2.0,5.0,2.6
C_pitch,-0.0067878365470748206,0.3123228756644239,-0.0067424952419155556,0.31220498827100984,-2.0,5.0,2.6
C_yaw,-0.0002373790565001237,0.07163576219141032,0.0002393448809432875,0.07039627995405745,-2.0,5.0,2.6
C_L,0.0014964939450811299,0.21430430933946196,0.0007774052913760054,0.21617393983909527,-2.0,10.0,2.6
C_D,-0.0002632230930356441,0.631963298625645,0.00023368929117294378,0.6306713264267028,-2.0,10.0,2.6
C_S,9.313119172752616e-05,0.051295364205238426,0.00011592552498096698,0.051236098938779485,-2.0,10.0,2.6
C_roll,-0.00012166971882799087,-0.06670057026292173,0.0008962622878212172,-0.06934719348020967,-2.0,10.0,2.6
C_pitch,-0.006375074156094061,0.3008628802887279,-0.004689869724988168,0.29648134876785254,-2.0,10.0,2.6
C_yaw,9.923187107147065e-05,0.07515538866228078,-7.951783467472527e-05,0.07562013789722088,-2.0,10.0,2.6
C_L,0.0009133387383822618,0.20848806980343662,0.0007750950068329145,0.20884750350546494,-2.0,15.0,2.6
C_D,-0.0002524146337410651,0.6258122933763386,0.00047261463061971655,0.6239272172890006,-2.0,15.0,2.6
C_S,0.0003364749609962153,0.04522427003026394,0.00012917435422363327,0.04576325160787265,-2.0,15.0,2.6
C_roll,3.768920884591931e-05,-0.059054063586796095,0.0007225940034888446,-0.060834816052867696,-2.0,15.0,2.6
C_pitch,-0.00572252592652402,0.3091635412740446,-0.004951379435080068,0.30715856039629036,-2.0,15.0,2.6
C_yaw,0.00042384608670503277,0.06948787658757401,0.0001724684910918242,0.07014145833616835,-2.0,15.0,2.6
C_L,0.0007408616852758877,0.2000344041294534,0.001216961597462182,0.19879654435776903,-2.0,20.0,2.6
C_D,-0.0005489995386741151,0.613799705397452,0.0011982635358604348,0.6092568214036622,-2.0,20.0,2.6
C_S,-5.198316552364953e-06,0.04322492203222045,8.789664438824784e-05,0.042982875133774856,-2.0,20.0,2.6
C_roll,0.0002290287569980764,-0.0583412079652485,0.0007569044204306609,-0.05971368469017322,-2.0,20.0,2.6
C_pitch,-0.00540660782083408,0.32028815027016916,-0.0055083415548419215,0.32055265797858956,-2.0,20.0,2.6
C_yaw,-3.14125412174615e-05,0.0664778116771591,0.00016930606202319591,0.06595594330873339,-2.0,20.0,2.6
C_L,0.0008534196077215483,0.20043979312828628,0.0006303106064586426,0.20101987653156983,-2.0,25.0,2.6
C_D,-0.00033883822079452475,0.6195373385738269,0.0005378264519543109,0.61725801042468,-2.0,25.0,2.6
C_S,0.0002835494817451683,0.04894424951562456,-0.00019827908718279076,0.050197003794837255,-2.0,25.0,2.6
C_roll,0.0002174303499887651,-0.05904836398575149,0.0007722145944560399,-0.060490803021366404,-2.0,25.0,2.6
C_pitch,-0.005841903834083604,0.32202209630426687,-0.004602890160630881,0.3188006607532898,-2.0,25.0,2.6
C_yaw,0.00035059586081450625,0.07124973998452479,-0.00011547306233169399,0.0724615191847049,-2.0,25.0,2.6
C_L,0.0035402166509249755,0.23157285602174346,0.0017153562469609427,0.23631749307204994,-0.0,5.0,2.6
C_D,0.00026757380762786883,0.6272663937888099,0.0019437464019017921,0.6229083450436976,-0.0,5.0,2.6
C_S,-0.0004084329344782434,-0.005316913049380567,0.0012563800112226342,-0.00964542670820285,-0.0,5.0,2.6
C_roll,-0.0008242614340056082,-0.035847258584417216,0.0011905602787947067,-0.04108579503769804,-0.0,5.0,2.6
C_pitch,-0.007564936888970284,0.2727922582303066,-0.004909023421630663,0.2658868832152236,-0.0,5.0,2.6
C_yaw,-0.0012625828217203722,-0.019139834807235134,0.0016971502451499942,-0.026835140781098086,-0.0,5.0,2.6
C_L,0.0008888122105342893,0.21051406497941466,0.001366178728890008,0.2092729120316898,-0.0,10.0,2.6
C_D,-0.0005856009987826259,0.6211097130604818,0.0010362063720089278,0.6168930138964238,-0.0,10.0,2.6
C_S,0.000290518366863473,0.01273694231427847,0.000592925090387974,0.011950684833114768,-0.0,10.0,2.6
C_roll,-0.0007496921191631486,-0.028146838022363514,0.00035761696266624186,-0.031025841635119927,-0.0,10.0,2.6
C_pitch,-0.006158937767685373,0.2942269727021556,-0.005159847085603566,0.2916293369287429,-0.0,10.0,2.6
C_yaw,0.00017210445321696625,0.006061569069440388,0.0006449615578606534,0.004832140597366801,-0.0,10.0,2.6
C_L,0.0003990563345749412,0.20269065910568815,0.0008868197569115581,0.20142247420761294,-0.0,15.0,2.6
C_D,-0.000763066701761865,0.6157305364346963,0.0006236941687835918,0.6121249581712781,-0.0,15.0,2.6
C_S,0.0006929098765275476,0.014324044596142775,-9.351335048595442e-05,0.01636874498637788,-0.0,15.0,2.6
C_roll,-0.00046462418766642566,-0.021437109973941992,0.00010573670658307178,-0.022920048298990685,-0.0,15.0,2.6
C_pitch,-0.005394364872692917,0.3052895957219894,-0.0050076451674646765,0.304284124488396,-0.0,15.0,2.6
C_yaw,0.0008290517345507369,0.008749766853406084,-0.00031606417791078426,0.011727068225806039,-0.0,15.0,2.6
C_L,0.0003980034286421912,0.19829189211360182,0.001017599999796854,0.1966809410285997,-0.0,20.0,2.6
C_D,-0.001091497731678353,0.6054514850401687,0.0011290403367878099,0.5996780860621567,-0.0,20.0,2.6
C_S,6.441337046233101e-05,0.0059460150933376395,0.0003242317933607973,0.005270487193801627,-0.0,20.0,2.6
C_roll,-2.3190734723445898e-05,-0.01458048096981274,-0.0002899628733766863,-0.013886873409314316,-0.0,20.0,2.6
C_pitch,-0.00585389401384384,0.310606004620425,-0.0050387147035660055,0.3084865384137026,-0.0,20.0,2.6
C_yaw,-9.688153754914866e-05,-0.0022732347726989134,0.0004109766511738432,-0.0035936660633786926,-0.0,20.0,2.6
C_L,0.0011881285570308237,0.20459217306187927,-8.393328191540746e-06,0.2077031299634574,-0.0,25.0,2.6
C_D,0.0006274661246764208,0.6234826413855671,-0.00043755851715604217,0.6262517054543315,-0.0,25.0,2.6
C_S,0.00013892691057463494,0.0074092858393260495,0.0003351709809043661,0.006899051256468748,-0.0,25.0,2.6
C_roll,5.592640513600702e-05,-0.01480970659044012,-7.054546743922853e-05,-0.014480879721744506,-0.0,25.0,2.6
C_pitch,-0.0051485833769444635,0.31846694706485656,-0.004721760526057844,0.3173572076525514,-0.0,25.0,2.6
C_yaw,5.9499081236716255e-05,-0.00035002768425096225,0.00039434967471628117,-0.001220639227297831,-0.0,25.0,2.6
C_L,0.004468925422213822,0.22687573316161128,0.002114808555299546,0.2329964370155884,2.0,5.0,2.6
C_D,-7.776097888962444e-06,0.6412604190832926,0.0015774716306310936,0.6371387749891404,2.0,5.0,2.6
C_S,-0.00039396673935118855,-0.03968729383967931,3.285738013510431e-05,-0.04079703655034367,2.0,5.0,2.6
C_roll,-0.0020968353454009,-0.009101310385575361,0.0013911947866008106,-0.018170188728779808,2.0,5.0,2.6
C_pitch,-0.008490313235053821,0.29014952553567647,-0.005788133914283666,0.28312385930167405,2.0,5.0,2.6
C_yaw,-0.0011533675458373178,-0.07785783609299768,0.0004317892744671842,-0.08197924382578937,2.0,5.0,2.6
C_L,0.0013759035262286673,0.213382016227128,0.0013662650870204754,0.2134070761690693,2.0,10.0,2.6
C_D,-0.00038387198906259125,0.6281707058397514,0.0006739440021604387,0.6254203842625716,2.0,10.0,2.6
C_S,0.0007107066839255891,-0.01806137460902163,-0.000478411385804941,-0.014969667627722253,2.0,10.0,2.6
C_roll,-0.0012683058526570213,0.0061037941472149556,0.00027406107016619607,0.00209364014787459,2.0,10.0,2.6
C_pitch,-0.006129295008223262,0.2995138548833035,-0.005605405505317808,0.2981517421757493,2.0,10.0,2.6
C_yaw,0.0005640969114256441,-0.05179268999964307,-0.0005323550882514033,-0.048941914800482746,2.0,10.0,2.6
C_L,0.0010824267841431172,0.21279524025962449,0.00030945490594802474,0.21480496714293174,2.0,15.0,2.6
C_D,0.00018779606180073988,0.6321037285450238,-7.599649154840136e-05,0.6327895891837316,2.0,15.0,2.6
C_S,0.0003487818739295142,-0.026060979345931136,0.00045907711801177804,-0.026347746980545022,2.0,15.0,2.6
C_roll,-0.001089740174244589,0.010968503545639732,-0.00023160176595806554,0.008737343684094772,2.0,15.0,2.6
C_pitch,-0.005829735684601958,0.30265087213985387,-0.004658044669949387,0.29960447550175723,2.0,15.0,2.6
C_yaw,-9.618847007607227e-05,-0.06589836636250701,0.0007813668862856467,-0.06818001028904748,2.0,15.0,2.6
C_L,0.0009608699913133763,0.2014999203007021,0.000553952684629469,0.20255790529808027,2.0,20.0,2.6
C_D,6.249362729988955e-05,0.6145069295909488,0.0003057206471154735,0.6138745393394283,2.0,20.0,2.6
C_S,4.321006367578435e-05,-0.02716445894207124,0.00017380102311504578,-0.027503995436613318,2.0,20.0,2.6
C_roll,-0.000652117070896237,0.015667883771722416,-0.000471763272730327,0.015198963896491051,2.0,20.0,2.6
C_pitch,-0.005106155564389623,0.3185457304454974,-0.005077758272809501,0.3184718974873891,2.0,20.0,2.6
C_yaw,-0.00023590818520266031,-0.06549065116338178,0.0002708276953517393,-0.06680816445282321,2.0,20.0,2.6
C_L,0.0005823417759763276,0.20188638044386753,0.00046029352821463834,0.20220370588804792,2.0,25.0,2.6
C_D,-0.0006747828626329933,0.616142429252289,0.0008182891511724177,0.612260442016395,2.0,25.0,2.6
C_S,0.0002081450213513453,-0.023371748124802298,0.000277321735077889,-0.023551607580491313,2.0,25.0,2.6
C_roll,-0.0007113593747649133,0.018636098963354074,-0.0003494964149074906,0.017695255267724776,2.0,25.0,2.6
C_pitch,-0.005543093787711358,0.31944581141460493,-0.004464604335095839,0.3166417388378046,2.0,25.0,2.6
C_yaw,-0.00013205168216551245,-0.059602651596510965,0.00039776655763905995,-0.060980179020002856,2.0,25.0,2.6
C_L,0.0031605852162143538,0.21792447484544877,0.002692735047351759,0.21914088528449152,4.0,5.0,2.6
C_D,0.00023633629532617096,0.653816974580626,0.0015878659243953915,0.6503029975450461,4.0,5.0,2.6
C_S,-0.0008520665431340395,-0.07836116953839141,0.000708906286521159,-0.08241969889549491,4.0,5.0,2.6
C_roll,-0.0021376062420054485,0.006151615450999567,0.0011413935352583531,-0.0023737839698863184,4.0,5.0,2.6
C_pitch,-0.00795191147134375,0.30215962312966815,-0.00660276498990582,0.2986518422779295,4.0,5.0,2.6
C_yaw,-0.0017110205650196868,-0.1344639470060365,0.0009481240727155804,-0.1413777230641482,4.0,5.0,2.6
C_L,0.0016472130389443135,0.20956558527305008,0.0010996456211988647,0.21098926055918824,4.0,10.0,2.6
C_D,-0.00024738669336141407,0.6405080170713572,0.0008729874879667699,0.6375950441999039,4.0,10.0,2.6
C_S,0.00020019447306694532,-0.04367242634221326,0.00036134785213357527,-0.0440914251277865,4.0,10.0,2.6
C_roll,-0.0014558924448202595,0.019097377151082576,-0.00012838361622067988,0.01564585419672367,4.0,10.0,2.6
C_pitch,-0.006478467758690952,0.30537922006456963,-0.00514036422212383,0.3019001508694951,4.0,10.0,2.6
C_yaw,-0.00040356777701278763,-0.10864764947147935,0.0004874732359244915,-0.11096435610511628,4.0,10.0,2.6
C_L,0.0010438714063618951,0.20965580183203858,0.000463731620890527,0.21116416527426413,4.0,15.0,2.6
C_D,0.00014372216019230464,0.639566042123878,0.00022549364303060641,0.6393534362684984,4.0,15.0,2.6
C_S,0.0003397599659472443,-0.03801203405904804,0.00034822607997899466,-0.03803404595553059,4.0,15.0,2.6
C_roll,-0.0013350514154295762,0.0202777417331649,-0.00026291326315025526,0.017490182537238663,4.0,15.0,2.6
C_pitch,-0.00593090548022329,0.306841527302909,-0.004447924137281409,0.30298577581126007,4.0,15.0,2.6
C_yaw,-5.690832639789639e-05,-0.10480904491159686,0.000286797348964354,-0.10570267966753871,4.0,15.0,2.6
C_L,0.0009471449411615365,0.20215789657454689,0.0006283121088054902,0.2029868619386726,4.0,20.0,2.6
C_D,-4.326202419094239e-05,0.6239533744909993,0.0003684431597936778,0.6228829410126393,4.0,20.0,2.6
C_S,5.916833244046036e-05,-0.037727980768716196,1.6962835233503713e-05,-0.03761824647597811,4.0,20.0,2.6
C_roll,-0.001098788256247049,0.022152136220197127,-0.0006221447272113859,0.020912863044704404,4.0,20.0,2.6
C_pitch,-0.005501497698479253,0.3203013109101702,-0.004977260628132553,0.31893829452726885,4.0,20.0,2.6
C_yaw,-0.0002885373209948698,-0.10381038301002683,-0.00011743034837465198,-0.1042552611388394,4.0,20.0,2.6
C_L,0.0010290478531184615,0.2053842166228857,0.0005195730445343499,0.2067088511252044,4.0,25.0,2.6
C_D,0.00039252024313539153,0.629641439901152,0.0005277065520432906,0.6292899554979915,4.0,25.0,2.6
C_S,0.00031717037460436654,-0.038273163206829455,-1.6205147736490564e-05,-0.03740638684874322,4.0,25.0,2.6
C_roll,-0.0011444801200642728,0.02807119839097921,-0.00042524066552301995,0.026201175809171952,4.0,25.0,2.6
C_pitch,-0.005441081441038959,0.3192563269905097,-0.004370386721755262,0.3164725207203721,4.0,25.0,2.6
C_yaw,-0.0001608079046521949,-0.1008196909665359,6.080392104088416e-05,-0.1013958817133379,4.0,25.0,2.6
C_L,0.003302109031014533,0.2285471853315224,0.0013311737880778566,0.23367161696315777,6.0,5.0,2.6
C_D,-0.0004900033260909693,0.675390348827814,0.0019614382870920626,0.6690166006335381,6.0,5.0,2.6
C_S,-0.00031559042406910164,-0.09551480826611043,0.00041613767611045914,-0.09741730132657729,6.0,5.0,2.6
C_roll,-0.001666109458240049,0.010611377535151128,0.000602403230067183,0.004713244545552325,6.0,5.0,2.6
C_pitch,-0.008024456710087044,0.2987938372193449,-0.0053903279239765406,0.29194510237545757,6.0,5.0,2.6
C_yaw,-0.001380034713473418,-0.17843657161770432,0.0004710844393415363,-0.18324948141502317,6.0,5.0,2.6
C_L,0.0016425330646637737,0.21284425902803727,0.0009642921133913108,0.21460768550134568,6.0,10.0,2.6
C_D,-0.00011410655205055721,0.6673002338711568,0.0009908936728752656,0.6644272332863497,6.0,10.0,2.6
C_S,-0.00029555913537837776,-0.058729333421851014,5.5911915105124856e-05,-0.059643158153108125,6.0,10.0,2.6
C_roll,-0.0010288533103106625,0.03230701781377572,0.00038321379374413713,0.028635643343233243,6.0,10.0,2.6
C_pitch,-0.006504985892595704,0.32287942847749423,-0.005277582987964267,0.31968818092545254,6.0,10.0,2.6
C_yaw,-0.0005760168721591943,-0.1439449739404124,0.0001744705674383829,-0.14589624128336612,6.0,10.0,2.6
C_L,0.0005482938849028342,0.20860271013374862,0.0009808358731695733,0.2074781009642551,6.0,15.0,2.6
C_D,-0.000464379435969082,0.6589415290466009,0.0008020302781489247,0.6556488637898941,6.0,15.0,2.6
C_S,0.000190045490605947,-0.04694671056204436,-0.0003486244806308685,-0.04554616863682864,6.0,15.0,2.6
C_roll,-0.0010149431556739077,0.03595112068669566,0.00038679948578078464,0.03230658981891346,6.0,15.0,2.6
C_pitch,-0.005476618268693591,0.33076786930540875,-0.00526004720285944,0.33020478453423996,6.0,15.0,2.6
C_yaw,-1.1702950831922372e-05,-0.1302750389774902,-0.00014460839510221983,-0.12992948482238742,6.0,15.0,2.6
C_L,0.001212285923370121,0.20890487661304238,0.00041087376180763924,0.2109885482331048,6.0,20.0,2.6
C_D,0.0004569455896969962,0.6576746104797424,6.965478068697776e-05,0.6586815665831685,6.0,20.0,2.6
C_S,-0.0005177614204343776,-0.049565813542563016,-0.0002308332948383453,-0.0503118266691127,6.0,20.0,2.6
C_roll,-0.00027300719897826504,0.04098574630339529,1.5995240177821972e-05,0.04023433996158946,6.0,20.0,2.6
C_pitch,-0.005931020981390233,0.3359642965884309,-0.004716227044415785,0.3328058323522973,6.0,20.0,2.6
C_yaw,-0.0006319841963562068,-0.13248712446459165,0.0001270357624093211,-0.134460576357382,6.0,20.0,2.6
C_L,0.000579382543571794,0.20278701097532845,0.0010189551214497305,0.2016441222728458,6.0,25.0,2.6
C_D,-0.0006252359347505269,0.646525492691034,0.0010655049418297686,0.6421295664119252,6.0,25.0,2.6
C_S,-0.0004522249475414191,-0.05112219829681661,5.9094009948366424e-05,-0.05245162758629005,6.0,25.0,2.6
C_roll,-0.0003258384965390958,0.045484951119777246,-9.64422135418247e-05,0.044888520783984344,6.0,25.0,2.6
C_pitch,-0.006082097422902283,0.3427151253978939,-0.004728653669116673,0.3391961716380513,6.0,25.0,2.6
C_yaw,-0.0005967690694139506,-0.12878037030331174,0.00023133788915551262,-0.13093344839559234,6.0,25.0,2.6
C_L,0.004014596183658655,0.2221224232170992,0.0027155884862308435,0.22549984323041153,8.0,5.0,2.6
C_D,-2.9885095883453706e-05,0.7118244029945172,0.0023546354069095567,0.7056246496872554,8.0,5.0,2.6
C_S,-0.00047228652945538403,-0.11340131375954429,0.00021785561797736053,-0.11519568334286943,8.0,5.0,2.6
C_roll,-0.002099146548728504,0.041416358814218804,0.0005372690913445423,0.034561678150028884,8.0,5.0,2.6
C_pitch,-0.008811638621526322,0.3320990897677276,-0.00631430952636904,0.3256060341203187,8.0,5.0,2.6
C_yaw,-0.0012941967820488723,-0.20797404948794143,0.00019049423403269742,-0.2118342461297535,8.0,5.0,2.6
C_L,0.0013031388327468464,0.209129497075569,0.0017914602725835262,0.20785986133199363,8.0,10.0,2.6
C_D,-0.00014000990424397667,0.6944575709480576,0.0014398537182601994,0.6903499255295468,8.0,10.0,2.6
C_S,-0.00018056829229953352,-0.06178386244700061,-0.0003850685480780969,-0.06125216178197635,8.0,10.0,2.6
C_roll,-0.001326751925685252,0.06267750117980656,0.000440188259040666,0.05808345669951916,8.0,10.0,2.6
C_pitch,-0.006532725938711288,0.35589657533314817,-0.00623916612696248,0.35513331982260127,8.0,10.0,2.6
C_yaw,-0.0005692919576640841,-0.15919537305148737,-0.00033219815228042137,-0.1598118169454849,8.0,10.0,2.6
C_L,0.0008123104434469927,0.21223303298307764,0.0008162515922028406,0.21222278599631242,8.0,15.0,2.6
C_D,-0.0001656640400898052,0.6929376283268768,0.0010197056578150883,0.689855667112324,8.0,15.0,2.6
C_S,-3.294034882664077e-05,-0.05182431162795173,-0.00031954724675022035,-0.051079133693350424,8.0,15.0,2.6
C_roll,-0.001046733800590478,0.06862837356065775,0.00037403203066320114,0.06493438239939818,8.0,15.0,2.6
C_pitch,-0.006251267125714647,0.35715751815156216,-0.005261729071331681,0.35458471921016643,8.0,15.0,2.6
C_yaw,-0.0004036138279832499,-0.15048724228237087,-2.2894233705514887e-06,-0.15153068573436387,8.0,15.0,2.6
C_L,0.0008549024837421247,0.20995436053315777,0.0006250583838881608,0.21055195519277808,8.0,20.0,2.6
C_D,-0.0002351108648146873,0.685591271010762,0.000542514745655553,0.6835694444235394,8.0,20.0,2.6
C_S,-0.0005200175110814098,-0.05570322828456353,-3.720523561882713e-06,-0.0570456004521143,8.0,20.0,2.6
C_roll,-0.0003639822130823402,0.07604979253046598,-2.6741365421654823e-05,0.0751729663265482,8.0,20.0,2.6
C_pitch,-0.006062195207335107,0.368699775681934,-0.005407571011760707,0.36699775277344054,8.0,20.0,2.6
C_yaw,-0.0004881202145765185,-0.14745558673232967,0.00015259882515578449,-0.14912145623563364,8.0,20.0,2.6
C_L,0.0010310195585828737,0.21048403894373102,0.0003276238896786395,0.21231286768288204,8.0,25.0,2.6
C_D,0.000543683110267109,0.6832650567600307,0.00024174561237804866,0.6840500942545422,8.0,25.0,2.6
C_S,-0.00017499946963175607,-0.05502615671531204,-0.0001801740307409804,-0.05501270285642805,8.0,25.0,2.6
C_roll,-0.00041031404291909525,0.07807724889949254,9.723731864452216e-05,0.07675761535942714,8.0,25.0,2.6
C_pitch,-0.005719300683462471,0.37327449561619597,-0.005607134241324813,0.37298286286663807,8.0,25.0,2.6
C_yaw,-0.0004538206194955036,-0.1418720297814706,2.1307105830796797e-06,-0.1430575032396749,8.0,25.0,2.6
C_L,0.003419765512797803,0.2248999479526344,0.0015934855663492773,0.22964827581340058,10.0,5.0,2.6
C_D,0.00015486924301492833,0.7435661949703992,0.0014897968200834248,0.7400953832700212,10.0,5.0,2.6
C_S,-0.000505622177282557,-0.15093563040792995,0.00022607787597365763,-0.15283805054639613,10.0,5.0,2.6
C_roll,-0.0025819545509993486,0.0818505321463837,0.0007204423647320528,0.07326430016548206,10.0,5.0,2.6
C_pitch,-0.009018572778744235,0.3545318125430043,-0.005242223062729563,0.3447133032813662,10.0,5.0,2.6
C_yaw,-0.0017192213138363904,-0.2298474937400093,0.0004599957935173374,-0.23551345821912897,10.0,5.0,2.6
C_L,0.0013125546924770124,0.21167510838934595,0.0019008112739811519,0.21014564127743518,10.0,10.0,2.6
C_D,-0.0001373854133163874,0.7250895148766,0.001639990450262292,0.7204683376312954,10.0,10.0,2.6
C_S,-5.097766163012655e-05,-0.08216746085257097,-0.0007129644628042732,-0.08044629516951819,10.0,10.0,2.6
C_roll,-0.0017860058959739966,0.10394314610136979,0.0006082206967712793,0.09771815696023207,10.0,10.0,2.6
C_pitch,-0.006934040618963727,0.38185177337727677,-0.006344494278459445,0.38031895289196566,10.0,10.0,2.6
C_yaw,-0.0010924739514613223,-0.17374460870208697,-0.00023201360899307536,-0.1759818055925044,10.0,10.0,2.6
C_L,0.00043959993022180187,0.20983994134714962,0.0014873190751630214,0.20711587157030245,10.0,15.0,2.6
C_D,-0.0007629150735793583,0.7163695086109196,0.0015577110032245285,0.7103358808112296,10.0,15.0,2.6
C_S,-0.00019313019029429648,-0.07286179875305643,-0.0006542007035098426,-0.071663015418696,10.0,15.0,2.6
C_roll,-0.001404627365536387,0.1129999190511772,0.0002648073825164499,0.10865938870623984,10.0,15.0,2.6
C_pitch,-0.006057638052568055,0.39134090602999544,-0.005895028273691049,0.3909181206049152,10.0,15.0,2.6
C_yaw,-0.0007850553552703075,-0.16057752488253418,-0.0003554757373404396,-0.16169443188915184,10.0,15.0,2.6
C_L,0.000775885410613108,0.20933326446913753,0.0008893364587398663,0.20903829174400795,10.0,20.0,2.6
C_D,-0.00012009717693460388,0.7116960035366573,0.001086607414107932,0.7085585715999467,10.0,20.0,2.6
C_S,-0.00036456722265456606,-0.07431792184779833,-0.0002706744559930448,-0.07456204304111828,10.0,20.0,2.6
C_roll,-0.0007699767792163648,0.11962691216090936,-0.00030087985740394926,0.11840726016419707,10.0,20.0,2.6
C_pitch,-0.006780373001413398,0.3945200991559196,-0.005191658689828087,0.39038944194579783,10.0,20.0,2.6
C_yaw,-0.0007050287721544684,-0.1561526855689742,-0.00023678661453822581,-0.15737011517877642,10.0,20.0,2.6
C_L,0.00028741202145054074,0.2081317936983668,0.0008848463300462874,0.20657846449601783,10.0,25.0,2.6
C_D,-0.0011856264249722225,0.7101392189537159,0.0010338434087025455,0.7043685973861614,10.0,25.0,2.6
C_S,0.00013717965334181256,-0.06825576237732792,-0.0006134516268813738,-0.06630412104874762,10.0,25.0,2.6
C_roll,-0.0011726502964359029,0.11852133949575885,0.00010375985390470749,0.11520267310487327,10.0,25.0,2.6
C_pitch,-0.007289551613901165,0.3994294304767269,-0.005216866362736391,0.3940404488236985,10.0,25.0,2.6
C_yaw,-0.0004239161910170084,-0.15229535439650918,-0.00022259370356776136,-0.15281879286387723,10.0,25.0,2.6
C_L,0.003732006645015179,0.23509854742765063,0.002339973693574159,0.23871783310139727,12.0,5.0,2.6
C_D,0.0006581910518472298,0.7824393179911807,0.002036388138454081,0.7788560055660029,12.0,5.0,2.6
C_S,-0.001046194712095463,-0.20092127032528,-7.347565239455396e-05,-0.20345033988050237,12.0,5.0,2.6
C_roll,-0.0027092332714588035,0.1346476678956524,0.0008216029351391027,0.12546749375849783,12.0,5.0,2.6
C_pitch,-0.00990021856107165,0.3748380569829442,-0.00612780104434721,0.36502977143946064,12.0,5.0,2.6
C_yaw,-0.002687466094833722,-0.2574097663629063,0.00029319098423240063,-0.26515947476847823,12.0,5.0,2.6
C_L,0.0015739342472329532,0.21497633654256812,0.0014041931551719879,0.21541766338192664,12.0,10.0,2.6
C_D,-0.00023619737598681845,0.7523366256111595,0.0016963195253959743,0.7473120816675642,12.0,10.0,2.6
C_S,-0.000545726949496829,-0.12106958536682035,-0.00021660320735392635,-0.12192530709639189,12.0,10.0,2.6
C_roll,-0.0017820207518948546,0.15399016903888202,5.195729776039749e-05,0.14922182610977838,12.0,10.0,2.6
C_pitch,-0.006952953010680764,0.4157518731181511,-0.0066434883337553536,0.41494726495814505,12.0,10.0,2.6
C_yaw,-0.0015406807769369213,-0.1887632820974922,-0.00015331472246691208,-0.19237043383911423,12.0,10.0,2.6
C_L,0.0011369597712993717,0.22093815851184323,0.0007615112567057299,0.2219143246497867,12.0,15.0,2.6
C_D,0.0002383919507872472,0.7563639646087876,0.0009332782026497964,0.7545572603539451,12.0,15.0,2.6
C_S,-2.8318390516179695e-05,-0.10896554992171353,-0.0003461088974074633,-0.10813929460379619,12.0,15.0,2.6
C_roll,-0.001445813400230369,0.16820707754576725,-0.0007662053326440605,0.16644009657004286,12.0,15.0,2.6
C_pitch,-0.007290050379012154,0.41014784970379486,-0.0055014625360169725,0.4054975213120074,12.0,15.0,2.6
C_yaw,-0.0012133599292556447,-0.17460608228352212,-0.0003836434536030575,-0.17676334512021885,12.0,15.0,2.6
C_L,0.0007716959411193324,0.20761100552718523,0.0015514165911961898,0.20558373183698542,12.0,20.0,2.6
C_D,0.0004052857966200467,0.7379032461605257,0.003294210608401075,0.730392041649895,12.0,20.0,2.6
C_S,-0.0004633562481320344,-0.10551635651708091,-0.004107080779476745,-0.09604267273558466,12.0,20.0,2.6
C_roll,-0.0008761973986774787,0.16611718800539163,0.002700248443828176,0.15681842881487693,12.0,20.0,2.6
C_pitch,-0.006492019337365761,0.42683709781627177,-0.0045552276491285975,0.42180143942685516,12.0,20.0,2.6
C_yaw,-0.0012703750809583685,-0.16556684305963956,-0.001508793398345253,-0.16494695543443366,12.0,20.0,2.6
C_L,0.0006691812790887287,0.2091690881251105,0.0009235860940148027,0.20850763560630273,12.0,25.0,2.6
C_D,-0.0001891778623396411,0.7420164837370787,0.0012975331548704173,0.7381510350923326,12.0,25.0,2.6
C_S,-0.0001970305142726119,-0.10025421855056611,-0.0003980930397679387,-0.09973145598427827,12.0,25.0,2.6
C_roll,-0.0010530237738639058,0.16967756023880395,-0.00039349463669242045,0.1679627844821581,12.0,25.0,2.6
C_pitch,-0.006829942118432036,0.4300513523013356,-0.005355966041999821,0.42621901450261185,12.0,25.0,2.6
C_yaw,-0.0010011651814938204,-0.16242328531804737,-0.00041546003287136474,-0.16394611870446574,12.0,25.0,2.6
C_L,0.004029833517224455,0.23372644434611012,0.0016396971623984073,0.23994079886865785,14.0,5.0,2.6
C_D,0.0009557480982000091,0.8171488110183251,0.0018568558609537542,0.8148059308351654,14.0,5.0,2.6
C_S,-0.0008867404402464268,-0.24970499460775786,2.5439544494239716e-05,-0.2520766625680836,14.0,5.0,2.6
C_roll,-0.00286773667898108,0.17731749923407292,0.0003854268477602395,0.16885927406454548,14.0,5.0,2.6
C_pitch,-0.010500673489380762,0.40970580509644294,-0.00537767944839325,0.39638602058987543,14.0,5.0,2.6
C_yaw,-0.002637399258657637,-0.27966998806314414,0.00012654876035976778,-0.2868562529125894,14.0,5.0,2.6
C_L,0.001979431242608831,0.22445997391124684,0.0011162099836060453,0.22670434918465407,14.0,10.0,2.6
C_D,0.0007925347306757325,0.7943689910418966,0.001128949977061644,0.7934943114012932,14.0,10.0,2.6
C_S,-0.00040714653576492753,-0.1595413500101728,-0.0001618703767199062,-0.16017906802368986,14.0,10.0,2.6
C_roll,-0.001548662905163757,0.20807266183574588,-0.0006930619214178215,0.20584809927800643,14.0,10.0,2.6
C_pitch,-0.00782112992681889,0.4371457872447964,-0.006082533238727197,0.432625435855758,14.0,10.0,2.6
C_yaw,-0.0017597108644677134,-0.20317422548806535,-0.00045604162362707524,-0.20656376551425099,14.0,10.0,2.6
C_L,0.0005918341930660577,0.21865397504018916,0.0010317700202774065,0.21751014188943965,14.0,15.0,2.6
C_D,-0.00040240566325600843,0.7827583622015296,0.0014625977447332023,0.7779093533407576,14.0,15.0,2.6
C_S,6.453056918872161e-05,-0.14414544202958118,-4.8454591347449016e-05,-0.14385168061218712,14.0,15.0,2.6
C_roll,-0.0018698433055782887,0.21062974618976796,-0.000976053417533977,0.20830589248085274,14.0,15.0,2.6
C_pitch,-0.006629743065502166,0.44897306244499924,-0.0061255343915746045,0.4476621198927876,14.0,15.0,2.6
C_yaw,-0.0012894912458046401,-0.18879069528335893,-0.0004811080066389892,-0.19089249170518963,14.0,15.0,2.6
C_L,0.0008319922486816644,0.21042110073795697,0.0010425280906854934,0.209873707548747,14.0,20.0,2.6
C_D,0.0005983338960675442,0.7728146691612997,0.001123947538804252,0.7714480736901842,14.0,20.0,2.6
C_S,-0.0006177410194789179,-0.1422746403223207,-0.00011357871018118016,-0.14358546232649483,14.0,20.0,2.6
C_roll,-0.0011329910188082023,0.21417713021316415,-0.0011794000481246858,0.214297793689387,14.0,20.0,2.6
C_pitch,-0.0061813572531669,0.45860421437298104,-0.005708557473368446,0.4573749349455051,14.0,20.0,2.6
C_yaw,-0.0015217873427260968,-0.17938036607039007,-0.000691764978165542,-0.1815384242182475,14.0,20.0,2.6
C_L,0.0006859164135796917,0.2123072991688586,0.0009191422362649751,0.21170091202987687,14.0,25.0,2.6
C_D,-0.00022249378936618183,0.7725893735199164,0.0010608096788830943,0.7692527845024684,14.0,25.0,2.6
C_S,-0.00010621862878555323,-0.13388847459760217,-0.00040907915042394665,-0.13310103724134234,14.0,25.0,2.6
C_roll,-0.0012889929145169132,0.2163965030375118,-0.0009986797931445077,0.21564168892194352,14.0,25.0,2.6
C_pitch,-0.007058367524696066,0.4579729686906018,-0.004945004534753403,0.4524782249167509,14.0,25.0,2.6
C_yaw,-0.001237087844260262,-0.1738352627040618,-0.0006688953523892817,-0.17531256318292635,14.0,25.0,2.6
C_L,0.0027930417700996746,0.23307484557977726,0.002360258539279678,0.23420008197990924,20.0,5.0,2.6
C_D,0.00046724720724766603,0.9348791326172542,0.002481165363679079,0.9296429454105326,20.0,5.0,2.6
C_S,-0.00015290494492837595,-0.38210103733820333,-0.0007041946435218427,-0.3806676841218603,20.0,5.0,2.6
C_roll,-0.0029438656714855763,0.309771643386891,-0.0018594355870157802,0.30695212516726955,20.0,5.0,2.6
C_pitch,-0.009133793736021769,0.5001557830231997,-0.007495669334623246,0.4958966595795636,20.0,5.0,2.6
C_yaw,-0.0028021363291088385,-0.35676857529869394,-0.0009518202238031924,-0.3615793971724886,20.0,5.0,2.6
C_L,0.0013949091237792117,0.22572244514422796,0.0017727470074929217,0.22474006664657228,20.0,10.0,2.6
C_D,0.0008229302976019188,0.9007554321798246,0.001268096490325662,0.8995980000787428,20.0,10.0,2.6
C_S,-0.00045223482558600617,-0.2672448431891478,0.0005073571172219595,-0.26973978224044853,20.0,10.0,2.6
C_roll,-0.0023048145664987234,0.3273636660946084,-0.0016746024337379226,0.3257251145494303,20.0,10.0,2.6
C_pitch,-0.007723477250429017,0.5265933842601032,-0.007629095480876493,0.5263479916592666,20.0,10.0,2.6
C_yaw,-0.002529880511132015,-0.26466818555097904,-0.00041864545757973006,-0.270157396690215,20.0,10.0,2.6
C_L,0.0012112795629198876,0.2210575015005547,0.0008672626099017082,0.22195194557840198,20.0,15.0,2.6
C_D,0.0006159663257468649,0.8928562459789318,0.0005573032851944628,0.893008769884368,20.0,15.0,2.6
C_S,0.000199747432611686,-0.2390804893501556,0.0001144225424632944,-0.23885864463576978,20.0,15.0,2.6
C_roll,-0.00266901184784548,0.32806943591404425,-0.0016672130633243682,0.32546475907428934,20.0,15.0,2.6
C_pitch,-0.007707053805750958,0.5338121105186181,-0.006571694339115724,0.5308601759053665,20.0,15.0,2.6
C_yaw,-0.0022839617681682926,-0.24483159179917915,-0.0001595061444443519,-0.2503551764208614,20.0,15.0,2.6
C_L,0.0010127079903532483,0.20685135617666126,0.0009460368907715616,0.20702470103557363,20.0,20.0,2.6
C_D,-9.298740810223278e-05,0.8728631875890183,0.0012394947872938775,0.8693987338809883,20.0,20.0,2.6
C_S,-0.00032191108698699766,-0.23532524783236453,0.0004665673820247138,-0.23737529185179496,20.0,20.0,2.6
C_roll,-0.002517276184596735,0.3264114860759516,-0.0017314101705683906,0.32436823443947793,20.0,20.0,2.6
C_pitch,-0.007210575636660665,0.5491250540670781,-0.006734460705204531,0.5478871552452922,20.0,20.0,2.6
C_yaw,-0.0022182511241043627,-0.23390443851506826,-0.0002687896308849968,-0.2389730383974386,20.0,20.0,2.6
C_L,0.0010283898207619777,0.20451604284047575,0.001162581286389688,0.2041671450298437,20.0,25.0,2.6
C_D,0.000663688082070234,0.8618511749606131,0.002008388359194763,0.8583549542400893,20.0,25.0,2.6
C_S,-0.00025607564568538583,-0.2287179678660753,4.565268938434095e-05,-0.22950246153725656,20.0,25.0,2.6
C_roll,-0.0023948822111105653,0.3291378443790093,-0.0014388821057327579,0.32665224410502697,20.0,25.0,2.6
C_pitch,-0.0072668790509463595,0.5429466481969055,-0.005961955895965127,0.5395538479939543,20.0,25.0,2.6
C_yaw,-0.002314092756455253,-0.22636145732217444,-0.0006498870361945569,-0.23068839219485227,20.0,25.0,2.6
