channel,a,b,c,sideslip,vw
Cx,-7.449355202216505e-05,0.0030981697813633087,0.7300113296987477,20.0,5
Cy,-0.00043251722261714005,0.006583150388188464,-0.5179775764930706,20.0,5
Cz,-1.0623340499758119e-05,-0.0030618429978093134,-0.21569387016093786,20.0,5
Cmx,-0.0004536054361125163,0.005790917819489773,-1.1325756034732934,20.0,5
Cmy,4.293074164848551e-05,-0.0071614769693351555,-1.491780722946612,20.0,5
Cmz,0.00012834487411854555,-0.0016067859593707806,0.2934460547821251,20.0,5
Cx,2.5606486490393605e-05,0.0010791720636455333,0.738868695900936,20.0,10
Cy,-5.3315812736907404e-05,0.0009877920459196356,-0.5338339190417811,20.0,10
Cz,-2.0682316263450185e-05,-0.0013744124221980096,-0.2146385941584892,20.0,10
Cmx,-7.78716426505817e-05,-1.4304071836963104e-05,-1.1570984766388699,20.0,10
Cmy,-4.198531016999051e-05,-0.004740244699754624,-1.5120796339855782,20.0,10
Cmz,-1.4273444973833817e-05,0.00012531330602243398,0.30585298568349645,20.0,10
Cx,1.475125846444323e-05,0.0008198885914444474,0.7422315402330737,20.0,15
Cy,-5.675799258549652e-06,0.0004708823767557392,-0.5288501504856008,20.0,15
Cz,-2.3333692624357616e-05,-0.0007790056265964315,-0.21066197078932775,20.0,15
Cmx,-1.7822198303868938e-05,-0.00045010547656793644,-1.1442237506458217,20.0,15
Cmy,-4.48450726762579e-05,-0.004055431313036289,-1.5147321302854453,20.0,15
Cmz,-2.6547405622224057e-05,0.0001226374898892806,0.30190691457230523,20.0,15
Cx,2.6383349087708113e-05,0.0006623686814543475,0.727252631361741,20.0,20
Cy,-3.7900385904828844e-05,0.00030130405836114823,-0.5184114105189288,20.0,20
Cz,-3.698428887286869e-06,-0.0008053003667822777,-0.2031650108395328,20.0,20
Cmx,-4.9992887244351805e-05,-0.001093028720914755,-1.132708562913536,20.0,20
Cmy,-7.34684520283025e-05,-0.004322099870275771,-1.4941668172437619,20.0,20
Cmz,9.975170717969606e-06,7.919369805834622e-05,0.2964968327094129,20.0,20
Cx,1.7244700180295382e-05,0.0007616099126349847,0.7271449067601161,20.0,25
Cy,-1.2226827165059403e-05,-9.988295139924686e-06,-0.5245011900722263,20.0,25
Cz,2.989095484638946e-06,-0.0008401137393170325,-0.1956636648253019,20.0,25
Cmx,-3.581874389009198e-05,-0.0011880167497912524,-1.1421653802169125,20.0,25
Cmy,-5.8035030178275944e-05,-0.004161462982250307,-1.4972886454825043,20.0,25
Cmz,-9.918694233595868e-06,0.00028202226293026273,0.30202290296536677,20.0,25
Cx,-3.5894622999216443e-05,0.0022268676206676843,0.712256665838717,14.0,5
Cy,-0.00021377306306957956,0.0031858324001850934,-0.3184748455058794,14.0,5
Cz,3.6995518226585e-05,-0.003176251786601034,-0.2179037997214977,14.0,5
Cmx,-0.00022174280231127778,0.00224559610759985,-0.7154815213799028,14.0,5
Cmy,1.0950682056487398e-05,-0.006390138692751811,-1.4579178752949857,14.0,5
Cmz,7.894679514110332e-05,-0.0008727604027135592,0.13510088956169777,14.0,5
Cx,2.2070684024801557e-05,0.0008643106685387202,0.7166969917435827,14.0,10
Cy,-8.540060422061107e-05,0.00064192671642473,-0.3226472186576826,14.0,10
Cz,-3.8144369005274924e-05,-0.001280332943269598,-0.20337503622289219,14.0,10
Cmx,-0.00011621509006227875,-0.00026101324608821544,-0.7240623512421125,14.0,10
Cmy,-5.370844341196811e-05,-0.004100258748656017,-1.4697719488172754,14.0,10
Cmz,3.262203972793238e-05,-4.27048620508527e-05,0.1401548593385717,14.0,10
Cx,4.8392541312409177e-05,0.00017532368550451954,0.7102232989165671,14.0,15
Cy,-3.129604763266571e-05,-5.4837577323793915e-06,-0.32168539805383256,14.0,15
Cz,-3.504277122554271e-05,-0.0008226900407549855,-0.2012249565656859,14.0,15
Cmx,-5.365507814553116e-05,-0.0007963833623071779,-0.719975794177582,14.0,15
Cmy,-0.00010349098867955645,-0.0031376662554169227,-1.4585941900491277,14.0,15
Cmz,5.7333266646797244e-06,0.00026340742083308426,0.14216743297016027,14.0,15
Cx,3.3197662116041317e-05,0.00015230006812889097,0.7014021381317054,14.0,20
Cy,-2.4598685569107815e-05,-3.596016748950277e-05,-0.3234011065169163,14.0,20
Cz,-3.5726258025416874e-06,-0.0006922501144199867,-0.1976486832370865,14.0,20
Cmx,-4.497057588180521e-05,-0.0008046711501993111,-0.7219937498378635,14.0,20
Cmy,-8.740527732899632e-05,-0.002933184807824079,-1.450464055319382,14.0,20
Cmz,1.1908361118208463e-05,0.00020229461236273758,0.1437836759250314,14.0,20
Cx,-2.0755531285403757e-05,0.0006938190488465361,0.7103401188386259,14.0,25
Cy,5.170340279182791e-06,-0.0004356203605756743,-0.32581152818520437,14.0,25
Cz,4.3260003131443195e-06,-0.0009206966468464625,-0.19880440271799446,14.0,25
Cmx,6.0234509644183746e-06,-0.001351435761288282,-0.7229552071849646,14.0,25
Cmy,1.8245137618051668e-05,-0.0038756478627345733,-1.4675233307966784,14.0,25
Cmz,3.962985060720482e-06,0.0003103202938452381,0.1435743098305703,14.0,25
Cx,5.2246433887669494e-05,0.0012376679897605851,0.6965841818035229,12.0,5
Cy,-0.00017926766499989797,0.0023777862692092254,-0.24551029416982362,12.0,5
Cz,-6.5994763319579704e-06,-0.0029113354295354356,-0.2076747236596069,12.0,5
Cmx,-0.0001983044241586128,0.001216813918959542,-0.5624573643953731,12.0,5
Cmy,-8.947731282944977e-05,-0.004900655230740782,-1.4298093986964104,12.0,5
Cmz,4.381656697429736e-05,-0.0001413074502761064,0.08134278815501578,12.0,5
Cx,1.2951196111889323e-05,0.0005596241219082616,0.7066371227658572,12.0,10
Cy,-5.698855345077653e-05,0.0002426180838876404,-0.2556540958270102,12.0,10
Cz,1.993146238925305e-05,-0.001652344884757811,-0.21186161134992665,12.0,10
Cmx,-7.810795804291203e-05,-0.0006589937230013008,-0.580940961302836,12.0,10
Cmy,-5.512133397460007e-05,-0.003692030916533375,-1.4404134414946845,12.0,10
Cmz,1.676365559854983e-05,0.0002859544620452694,0.08513272225780685,12.0,10
Cx,3.612112589197011e-05,0.00032320868935940567,0.7013031668903229,12.0,15
Cy,-4.1322777869583425e-05,-0.00016787670796220036,-0.25213057169938985,12.0,15
Cz,-2.3334174461879195e-05,-0.0009942237228475334,-0.19918460762019816,12.0,15
Cmx,-7.061451082646218e-05,-0.0009353625518103556,-0.5760076400217341,12.0,15
Cmy,-8.988958617082021e-05,-0.003208552040945403,-1.434476760635453,12.0,15
Cmz,7.330954123445218e-06,0.0004032408193765253,0.08610783002809158,12.0,15
Cx,4.13843690833061e-05,-1.8161387785312562e-06,0.6921594562456537,12.0,20
Cy,-3.199867783313099e-05,-0.00012990977352866665,-0.25366813922925624,12.0,20
Cz,-1.027679820457883e-05,-0.0007244316362806461,-0.1949384410246294,12.0,20
Cmx,-7.622354392609323e-05,-0.0006471171203266146,-0.5702865239544632,12.0,20
Cmy,-0.00011793928143840131,-0.0025055323109829273,-1.4231118164784031,12.0,20
Cmz,1.1377069871488344e-05,0.00027015540712431826,0.08812892395008161,12.0,20
Cx,3.996953172321863e-05,0.0005366969498897952,0.6871885435337685,12.0,25
Cy,-9.952613409224167e-06,-0.00035343546333373085,-0.25618308640854626,12.0,25
Cz,-1.6523256449350654e-05,-0.0007547488086672741,-0.19018218693719063,12.0,25
Cmx,-4.6433574371117034e-05,-0.0009370710631872295,-0.569664793912307,12.0,25
Cmy,-0.0001020867029445133,-0.0034812364921888656,-1.4179715986287182,12.0,25
Cmz,-5.637971523663389e-06,0.00037593690933995284,0.08869676364928747,12.0,25
Cx,2.714286204679472e-05,0.0009094151172529678,0.6893455999702099,10.0,5
Cy,-0.00010147026942388192,0.001269879324715463,-0.17534182198290554,10.0,5
Cz,6.746230367643614e-05,-0.0030493392128551878,-0.2163072222802747,10.0,5
Cmx,-8.502335366249376e-05,0.0007850640591231204,-0.4203273924516258,10.0,5
Cmy,-8.051609109536618e-05,-0.004132512952330922,-1.3964136919756414,10.0,5
Cmz,2.5144482890323917e-05,-0.0002592699668495463,0.024645566894865047,10.0,5
Cx,4.1966167433847966e-05,0.0004267461620659306,0.6903617796772079,10.0,10
Cy,-5.033851729685492e-05,-0.00021330646910527328,-0.18853264576199077,10.0,10
Cz,-1.2782004692654682e-05,-0.0016057457688961932,-0.2037085433950838,10.0,10
Cmx,-7.439632246469107e-05,-0.0009132417547408521,-0.43720606892880587,10.0,10
Cmy,-7.546946829389369e-05,-0.00365360867170081,-1.4082787533065004,10.0,10
Cmz,9.54202030353814e-06,0.0004622675793882788,0.03204135081168689,10.0,10
Cx,1.711521483088761e-05,0.00036847591729126345,0.6909714990916757,10.0,15
Cy,8.418875852928364e-06,-0.0005772193131828653,-0.19411513769705518,10.0,15
Cz,4.28957409590773e-06,-0.0012125155272893677,-0.20289551175765358,10.0,15
Cmx,1.1384196612642906e-05,-0.0011490670041280392,-0.4454910625686337,10.0,15
Cmy,-4.4779639044529824e-05,-0.003397359213360815,-1.4102555823348653,10.0,15
Cmz,-2.1807674892912714e-05,0.0005850719337459786,0.034885267893978854,10.0,15
Cx,1.686034128282981e-05,-3.28937067734392e-05,0.6811714075424035,10.0,20
Cy,1.6185685709588816e-05,-0.0002664013994188288,-0.19775423759001295,10.0,20
Cz,5.70931138139984e-06,-0.0008038990190940353,-0.19622180501416336,10.0,20
Cmx,2.0363449417848647e-05,-0.0005278967640477837,-0.4462227878131122,10.0,20
Cmy,-2.7404899088748083e-05,-0.0024569535888828483,-1.4037366912809155,10.0,20
Cmz,-2.3044636239972215e-05,0.00042459303918129674,0.039418214213188585,10.0,20
Cx,1.3047676209299224e-05,0.000521084637007867,0.6748366887188311,10.0,25
Cy,-2.636063470624443e-05,-0.000178594099894488,-0.18943677788041105,10.0,25
Cz,-7.420115026810673e-06,-0.0007415214665828171,-0.18952012550816316,10.0,25
Cmx,-5.7480496190600284e-05,-0.0005312100021693806,-0.42732298352765397,10.0,25
Cmy,-6.3774808671263e-05,-0.0031859761170060542,-1.3892232875238557,10.0,25
Cmz,1.0848165674747169e-05,0.00023002932602410954,0.03353753143099883,10.0,25
Cx,9.206708725990352e-05,0.00026747651074839475,0.667298656255232,8.0,5
Cy,-6.64698846766463e-05,8.91492580110895e-05,-0.11830658613672154,8.0,5
Cz,-2.3441418599503755e-05,-0.0030144080743312917,-0.20224219668274732,8.0,5
Cmx,-4.948880495949453e-05,-0.00024729554772817756,-0.2952296377151834,8.0,5
Cmy,-0.00016146268715451135,-0.003680710404423246,-1.350712605166519,8.0,5
Cmz,-2.8257154609044596e-05,0.0005177056392371343,-0.009391947254313113,8.0,5
Cx,3.6155585170470316e-05,0.00017241668673247354,0.6731414900858423,8.0,10
Cy,-9.658061056282127e-06,-0.00043404820904091704,-0.14396691646703674,8.0,10
Cz,6.782760956235007e-06,-0.001565856052941141,-0.20195297890217476,8.0,10
Cmx,1.2135278322988576e-05,-0.0011489002911287773,-0.3293693295415404,8.0,10
Cmy,-7.45279457428898e-05,-0.0032344089783222984,-1.3639496138914646,8.0,10
Cmz,-2.4307476732554007e-05,0.0006664221620337518,-0.004434012769413062,8.0,10
Cx,4.267311644796632e-05,0.00030150007598856246,0.6714039759601178,8.0,15
Cy,-1.9449293530768386e-05,-0.0003749431686432171,-0.14399000376468757,8.0,15
Cz,-1.1970730862304974e-05,-0.001095546077996215,-0.2018072386139701,8.0,15
Cmx,-4.887861384966863e-05,-0.0008270430391519314,-0.32254118295033857,8.0,15
Cmy,-9.285849001061589e-05,-0.003291051562686723,-1.3632033438659168,8.0,15
Cmz,-3.475457939718694e-06,0.0004899093441554173,-0.007003217221966431,8.0,15
Cx,5.6442857254196075e-05,-0.00031771991503482964,0.656081701702584,8.0,20
Cy,-1.5409499129508172e-05,-9.211246871318835e-05,-0.1444964993266184,8.0,20
Cz,7.3891252391553195e-06,-0.0008100908759908883,-0.19989756849073279,8.0,20
Cmx,-3.463973748853731e-05,-0.00019637183569341611,-0.320673426209742,8.0,20
Cmy,-0.0001311686700546034,-0.0019403737879157613,-1.3434485852738418,8.0,20
Cmz,-3.183522345858997e-06,0.00045247324099078186,-0.0032128546842845897,8.0,20
Cx,-1.5250555002384892e-05,0.0005424042143364969,0.6605255697448129,8.0,25
Cy,6.566493189637155e-06,-0.0004582304980468977,-0.14749690888489467,8.0,25
Cz,1.9510254018429847e-05,-0.0009336275919470393,-0.19393466251148386,8.0,25
Cmx,1.1529008991403351e-05,-0.0009494813222051632,-0.32183135304131943,8.0,25
Cmy,7.4482212410859226e-06,-0.003619245173106216,-1.3539977849041247,8.0,25
Cmz,-1.6542076701335255e-06,0.0003845693830288484,-0.0034378969661738065,8.0,25
Cx,0.00011324589925728638,-0.00027847049811912956,0.6492707791615441,6.0,5
Cy,2.0502858076105265e-06,-0.0014512146498771082,-0.10640387652770486,6.0,5
Cz,4.6843508819561204e-05,-0.003198229572407277,-0.2206258680064808,6.0,5
Cmx,5.784252897121867e-05,-0.0021127925618845225,-0.27079047778179716,6.0,5
Cmy,-0.0001839722382252786,-0.0027848436277735597,-1.3161056620606455,6.0,5
Cmz,-5.816598980962849e-05,0.001074451509227767,0.005703893958076257,6.0,5
Cx,3.134337794404072e-05,-0.00013813846594919513,0.651985974548616,6.0,10
Cy,-1.891222174216101e-05,-0.0005573576512899621,-0.11934195152896529,6.0,10
Cz,1.850306259635197e-05,-0.001381594018775208,-0.211061379467258,6.0,10
Cmx,-4.347044214203802e-05,-0.0009043691238281862,-0.2590094166639377,6.0,10
Cmy,-8.354696104890242e-05,-0.0026591194057272297,-1.3113223698046383,6.0,10
Cmz,-2.91554620856271e-06,0.0005207209179314504,-0.010408430064408242,6.0,10
Cx,2.898881019717687e-05,0.0002351305170979872,0.6450549685242338,6.0,15
Cy,8.251941605191036e-06,-0.0005774583565227768,-0.12252118466065197,6.0,15
Cz,9.834278919926258e-06,-0.0010785368338965288,-0.2042873129436763,6.0,15
Cmx,5.4237445857236004e-06,-0.0010539277120037223,-0.2598430321471205,6.0,15
Cmy,-3.494906140530729e-05,-0.003241660923607565,-1.309341939981671,6.0,15
Cmz,3.0752528576394603e-06,0.0003881535774573804,-0.014890410623822329,6.0,15
Cx,3.460108533932865e-05,-0.0003795448500014017,0.6346474735852857,6.0,20
Cy,-9.081415677829509e-06,-0.00021426904939362093,-0.12052361555810547,6.0,20
Cz,-5.231153905228023e-06,-0.0006631938290534986,-0.19800622035429297,6.0,20
Cmx,-3.374466967670949e-05,-0.0002753599532180414,-0.2529079944539074,6.0,20
Cmy,-6.032704839609105e-05,-0.00208602795063888,-1.2941562195780134,6.0,20
Cmz,-3.35325471254805e-06,0.0004535418557552135,-0.010375400599045459,6.0,20
Cx,6.0748851977454266e-05,-0.0004262649989088613,0.6344990560987903,6.0,25
Cy,-4.056391038345697e-06,-0.0001433472941282032,-0.12975442186103553,6.0,25
Cz,-1.424491181010042e-06,-0.0005683468715308686,-0.1944405430018903,6.0,25
Cmx,-2.5751354446547414e-05,-0.00018034497412190977,-0.27089100115636733,6.0,25
Cmy,-0.00013051131478145642,-0.001852593160716447,-1.2939030320303886,6.0,25
Cmz,-1.275724726769355e-05,0.0004262624637026033,-0.0036317972473777615,6.0,25
Cx,7.826924600084326e-05,-0.00017916063688893204,0.6406547721470824,4.0,5
Cy,8.496193493245086e-05,-0.002804333881871378,-0.08114198780456691,4.0,5
Cz,4.3113909511153937e-05,-0.0036991130838562635,-0.22721945873697777,4.0,5
Cmx,0.0001616430212307506,-0.004001040159022358,-0.20857033834417227,4.0,5
Cmy,-9.81190088390261e-05,-0.0033917492468164357,-1.2978835399721245,4.0,5
Cmz,-6.99029979129651e-05,0.0017181520595472807,-0.0014635989812584389,4.0,5
Cx,2.764691222816366e-05,-0.00016682989559881328,0.6374858516271332,4.0,10
Cy,-6.963599365113823e-07,-0.0006916082642769663,-0.10011340780758328,4.0,10
Cz,1.8506409534508867e-05,-0.0015170794723996161,-0.21194418920613003,4.0,10
Cmx,-1.3757631123718132e-06,-0.0010450284966622156,-0.2234166488721212,4.0,10
Cmy,-6.814566967538702e-05,-0.002802744084627181,-1.2828094931872043,4.0,10
Cmz,-1.7396655655219076e-05,0.0006477482942755106,-0.004104954211614428,4.0,10
Cx,4.667496657619588e-05,-0.00011192580011905343,0.6319494967379251,4.0,15
Cy,-1.8907353764035685e-05,-0.0004780831722138453,-0.09930549854321459,4.0,15
Cz,-9.880951350539166e-07,-0.0009462094711549763,-0.20805299239105832,4.0,15
Cmx,-3.4651512052598115e-05,-0.0007135477768906408,-0.21752071803366801,4.0,15
Cmy,-8.379642335601541e-05,-0.0027574673203865563,-1.2769695410602213,4.0,15
Cmz,-4.12509124131111e-06,0.0004757619294051737,-0.007467252156022625,4.0,15
Cx,2.713080462087173e-05,-0.000272750935111547,0.6260427395308419,4.0,20
Cy,5.944032281481775e-06,-0.00014022400452934125,-0.10186926280230428,4.0,20
Cz,2.101294751086113e-05,-0.0008652266347230139,-0.20487928950669537,4.0,20
Cmx,2.8923224214511278e-06,-8.303330744537254e-05,-0.21910942840013084,4.0,20
Cmy,-3.0444799903663755e-05,-0.0024289582681981566,-1.277635555194037,4.0,20
Cmz,-7.63102562819633e-06,0.000453742814343692,-0.005513858838229687,4.0,20
Cx,2.5601269940681794e-05,-0.00022889042403160455,0.6213148462494992,4.0,25
Cy,5.305591704439837e-06,-0.00012660453274395742,-0.10671259902834775,4.0,25
Cz,8.538985700223558e-06,-0.0006147791621853181,-0.1982272955764115,4.0,25
Cmx,-3.907069547619729e-06,-8.79537580649986e-06,-0.2258823786825728,4.0,25
Cmy,-4.41913588974538e-05,-0.00221701371527539,-1.2697190490696086,4.0,25
Cmz,-1.3564532372144336e-08,0.00026071695738454114,-0.002703404772103474,4.0,25
Cx,0.00010461124294496419,-0.0005892029597044757,0.6276094835984724,2.0,5
Cy,0.00018719535278430475,-0.004440776935850378,-0.04357822053628997,2.0,5
Cz,-4.152008939707061e-06,-0.0027963958388072525,-0.2138008244997283,2.0,5
Cmx,0.0002748660923169444,-0.004884284997122263,-0.14157230897097467,2.0,5
Cmy,-0.0001478741192001962,-0.002825307149821299,-1.2669147389219935,2.0,5
Cmz,-6.651023210087826e-05,0.00163114155028123,-0.0025815868807543274,2.0,5
Cx,3.156913528979727e-05,-0.0004645265369981435,0.6289576512942386,2.0,10
Cy,4.847014452203585e-05,-0.0012143228571476002,-0.06558231563400747,2.0,10
Cz,2.230081836735492e-05,-0.0012400816099734059,-0.2162321414351556,2.0,10
Cmx,8.140484760549662e-05,-0.00161584595997004,-0.15736236655288474,2.0,10
Cmy,-6.972653979745943e-05,-0.0021226726071741685,-1.2629576213578533,2.0,10
Cmz,-1.6117329379595544e-05,0.0006408412794377216,-0.0011957187228601182,2.0,10
Cx,2.8774072699572825e-05,-0.0001547044905761125,0.623024331436004,2.0,15
Cy,3.054590621485261e-05,-0.0007942203805140871,-0.0641526455555905,2.0,15
Cz,6.179743029962193e-06,-0.0008685140801060084,-0.20944065143209747,2.0,15
Cmx,5.308682278496854e-05,-0.0010997731352475782,-0.1474300887000614,2.0,15
Cmy,-4.9725852659880624e-05,-0.0024251994258071043,-1.25930557752124,2.0,15
Cmz,-1.2914773165748742e-05,0.0003155822970659848,-0.00044078886276696845,2.0,15
Cx,6.015566097946743e-05,-5.484864081816981e-05,0.6103440426491357,2.0,20
Cy,6.230065777042881e-06,-0.00031368861797858666,-0.06221511863677072,2.0,20
Cz,-1.4579205268720086e-05,-0.0009029183639682675,-0.1999455774218389,2.0,20
Cmx,2.0595834571183085e-05,-0.0004083228282909243,-0.14373077873893686,2.0,20
Cmy,-8.506998591590975e-05,-0.002529265932418657,-1.2466005833802234,2.0,20
Cmz,-1.0758223900222643e-05,0.0002824992872464045,0.0001747071379240657,2.0,20
Cx,2.9683236019383687e-05,-8.117556951957153e-05,0.6165574753213156,2.0,25
Cy,2.4765501707826977e-05,-0.00032774267786557027,-0.06974787102495561,2.0,25
Cz,1.0058490500546234e-05,-0.0008002366365825476,-0.20114599693903357,2.0,25
Cmx,4.610901116100889e-05,-0.000484891063612952,-0.1536649476729678,2.0,25
Cmy,-6.371887084576447e-05,-0.0023866875482036884,-1.2555319315044717,2.0,25
Cmz,-9.460896718540108e-06,0.00021004961214465858,0.0017305401822687529,2.0,25
Cx,0.00017464352461798766,-0.0016421108459895894,0.6222703058624031,0.0,5
Cy,0.0002822533571688811,-0.00704425634099991,0.025547630697409417,0.0,5
Cz,7.613642311931146e-05,-0.0028685593498731198,-0.23571482438561564,0.0,5
Cmx,0.00037435794448258884,-0.008057024829467262,-0.010444359265973448,0.0,5
Cmy,-0.00023335489460772496,-0.0020809742188246986,-1.2465931429698922,0.0,5
Cmz,-0.0001703687948852817,0.0030201758933092364,0.009806097302599922,0.0,5
Cx,8.316963008458686e-05,-0.000656567513476539,0.6187824949941861,0.0,10
Cy,7.41079820048028e-05,-0.0021172172528886534,-0.007988009214995052,0.0,10
Cz,-1.1659575017987757e-05,-0.0010379344260126253,-0.21072862745118598,0.0,10
Cmx,0.00011573921253840041,-0.0029181600519482863,-0.040039510181804856,0.0,10
Cmy,-0.00014423312420073096,-0.00177647042104184,-1.2423910848503417,0.0,10
Cmz,-3.856450918318879e-05,0.0007687290132106234,0.006284196470418402,0.0,10
Cx,5.885526700831706e-05,-0.0005746087654869063,0.6139764235860848,0.0,15
Cy,6.582053190286675e-05,-0.0012232590154391202,-0.013441400631063216,0.0,15
Cz,-1.5433284762821338e-05,-0.0005643063173045725,-0.20229944914455544,0.0,15
Cmx,9.374934086457665e-05,-0.0017738304937027593,-0.03859610337412358,0.0,15
Cmy,-9.520400007692644e-05,-0.0018091229667441837,-1.239746264638504,0.0,15
Cmz,-5.743796570289323e-06,0.0003117471427358788,0.005509374853462688,0.0,15
Cx,7.843392359529597e-05,-0.0004998901126310314,0.603486652032356,0.0,20
Cy,1.1878618446133278e-05,-0.0005721090380058837,-0.004561417824061874,0.0,20
Cz,-1.8420151768257277e-05,-0.0006127745803436609,-0.1979265928757981,0.0,20
Cmx,1.4873674633557273e-06,-0.0008307325903304338,-0.01991237662981871,0.0,20
Cmy,-0.00013639562511503096,-0.0015152787013334784,-1.2280195586449283,0.0,20
Cmz,-1.608526574524172e-05,0.0002665452287065692,0.008463641724308447,0.0,20
Cx,-3.1082422385241236e-05,0.00017078490077061516,0.6246553949544962,0.0,25
Cy,7.551442065673187e-06,-0.000490285221206994,-0.006313584225757144,0.0,25
Cz,4.0686568756628426e-05,-0.0007942920313513961,-0.20617370678797006,0.0,25
Cmx,1.8012810644044474e-07,-0.0006327471467243142,-0.02202450713658984,0.0,25
Cmy,7.047375307979771e-05,-0.0030424338020040177,-1.2706742479784632,0.0,25
Cmz,-1.008148086292252e-05,0.0001747351813698078,0.007979973250821046,0.0,25
Cx,5.0865237043738996e-05,0.0005249322135698459,0.6274077087549428,-2.0,5
Cy,-1.0971502567484103e-05,0.0002796103980249046,0.04711449138658661,-2.0,5
Cz,8.67299238951089e-05,-0.0038956145180561786,-0.22977362720553546,-2.0,5
Cmx,9.694040648106791e-05,-0.00010232784861724059,0.055609029239242026,-2.0,5
Cmy,-8.932336730582937e-05,-0.004214228562199599,-1.2655668335731147,-2.0,5
Cmz,-3.16276675151522e-05,0.0001228199424779543,0.01993815177578557,-2.0,5
Cx,3.715645387700559e-05,-4.1941606065214816e-05,0.6228666657042182,-2.0,10
Cy,4.135907403954144e-05,-0.00031585367738642093,0.03462031996509437,-2.0,10
Cz,-1.9003904577821962e-06,-0.0014192060627959975,-0.21313213849818455,-2.0,10
Cmx,9.881307769565752e-05,-0.0008249977244071558,0.056158294418991644,-2.0,10
Cmy,-7.076106674857227e-05,-0.002598110987173859,-1.2547324770954875,-2.0,10
Cmz,8.897121327464697e-08,-3.492812861042086e-05,0.011825266510815136,-2.0,10
Cx,-7.077990276157872e-06,0.00011365226892243535,0.6296690607512442,-2.0,15
Cy,-4.02264743724796e-06,-0.00035225078096415887,0.046513867360810035,-2.0,15
Cz,2.5437469314636053e-05,-0.000858691297131547,-0.21360458464324591,-2.0,15
Cmx,2.034955778356553e-05,-0.0008772605792557314,0.07583815201204663,-2.0,15
Cmy,-2.774011865646115e-06,-0.0027180468083866775,-1.2665204473130431,-2.0,15
Cmz,-1.9277837336469047e-05,2.9479768224688026e-05,0.017373122355706285,-2.0,15
Cx,8.572451916192395e-06,0.00014227417848182127,0.6121185951228416,-2.0,20
Cy,-4.099785942728455e-06,-7.43705675014421e-05,0.04773580804366724,-2.0,20
Cz,1.2796919318807221e-05,-0.0008284256160588703,-0.20186023640210726,-2.0,20
Cmx,2.325195528964561e-06,-0.0003655721857737751,0.08288527898444067,-2.0,20
Cmy,1.4999327473501464e-06,-0.0029001565217735945,-1.2504718314866108,-2.0,20
Cmz,-7.995439117956998e-06,2.9030445516034385e-06,0.015734098060532057,-2.0,20
Cx,4.885258749200875e-05,-0.00016951015549878748,0.6131522860989946,-2.0,25
Cy,5.944533586157776e-07,-0.00024723585770155973,0.04399387438549819,-2.0,25
Cz,3.884063684167584e-06,-0.0005544455969008425,-0.20203826099149255,-2.0,25
Cmx,1.232858508575846e-05,-0.0005988864320716149,0.08125257539674081,-2.0,25
Cmy,-8.762973885462447e-05,-0.002273636178850465,-1.25161734109169,-2.0,25
Cmz,-1.2810575588729309e-05,6.336852951977626e-05,0.013890677708486008,-2.0,25
Cx,4.3871828358654105e-05,0.0007170884363606843,0.6347904887376115,-4.0,5
Cy,-4.473853258521307e-05,0.00030201538247681567,0.09245575874140452,-4.0,5
Cz,3.860004339067972e-05,-0.0033774762692486454,-0.22366958286790745,-4.0,5
Cmx,5.323298397315244e-05,0.00011194517860204717,0.1368664168767268,-4.0,5
Cmy,-7.083925816027673e-05,-0.0039363154733570715,-1.2803181463519204,-4.0,5
Cmz,-3.085021165479251e-05,7.508439959767548e-05,0.01857486424873702,-4.0,5
Cx,3.761794317090468e-05,0.00015464289602809748,0.6318840966055854,-4.0,10
Cy,-5.550430497389549e-07,-0.00029107761912348793,0.08018494643316144,-4.0,10
Cz,2.022048784596977e-05,-0.0015349497345596415,-0.21107723846874016,-4.0,10
Cmx,4.4919388786859757e-05,-0.0008775658769688858,0.1343848440659501,-4.0,10
Cmy,-6.740074431077134e-05,-0.0030158546592459383,-1.2674623481998097,-4.0,10
Cmz,-1.960616098769092e-05,9.881482399586874e-05,0.020610004753697658,-4.0,10
Cx,3.3374282320520764e-06,0.00020969362417229908,0.6336204190626136,-4.0,15
Cy,-1.6250682794399857e-06,-0.0003204792352397814,0.07933654842624561,-4.0,15
Cz,2.0231390757914022e-05,-0.0008950189402123147,-0.21044860654548245,-4.0,15
Cmx,3.202273121468199e-05,-0.0008558953245254448,0.134949570659406,-4.0,15
Cmy,-2.9717008835869828e-05,-0.0029852162101277517,-1.270117045034844,-4.0,15
Cmz,-1.3096084985297518e-06,-1.6422151755932481e-06,0.02007077357796335,-4.0,15
Cx,1.3469287749998509e-05,0.00010820113025880448,0.6187244718557758,-4.0,20
Cy,2.131773770052294e-06,-5.2806965153616996e-05,0.07924527843836221,-4.0,20
Cz,1.2863556353632679e-05,-0.0008644386351410583,-0.20290715572898022,-4.0,20
Cmx,1.9932301687459833e-05,-0.0005143387780705736,0.13790782271609733,-4.0,20
Cmy,-2.0306308264085335e-05,-0.0028027690615199555,-1.2589150397884254,-4.0,20
Cmz,-8.99605391817234e-07,2.5753284371092977e-05,0.020256644310574883,-4.0,20
Cx,3.448849083156343e-06,0.00047373850447656173,0.6248934951976622,-4.0,25
Cy,1.172907026077179e-05,-0.0001675577266986273,0.0801388058067932,-4.0,25
Cz,1.641161972552836e-05,-0.0008811516340502566,-0.2058769952019057,-4.0,25
Cmx,4.1890966751824536e-05,-0.000580717469106749,0.1438746624593654,-4.0,25
Cmy,-2.1001546168240335e-05,-0.003563696802896743,-1.26804748335206,-4.0,25
Cmz,-1.175282006556479e-05,9.652083218265875e-06,0.01665203279935989,-4.0,25
Cx,8.7374868039327e-05,0.0003125143594841905,0.6460859302402142,-6.0,5
Cy,-1.9840833523416463e-05,-5.790002282755453e-06,0.11722044687363324,-6.0,5
Cz,5.69318855747461e-05,-0.0027185326203463026,-0.23088503511673555,-6.0,5
Cmx,7.084897425655889e-05,4.408375882479177e-05,0.1822863829553748,-6.0,5
Cmy,-0.00013362925839612244,-0.003611084108271474,-1.2960268714779255,-6.0,5
Cmz,-3.439417810500584e-05,0.00020429044542374402,0.025038924997972316,-6.0,5
Cx,3.834758434164187e-05,0.00023932742840042156,0.6533373200657853,-6.0,10
Cy,-1.046044480459909e-05,0.00016708699835445983,0.11666978965596102,-6.0,10
Cz,1.9383498217494072e-05,-0.0014191951824710336,-0.2140551048805356,-6.0,10
Cmx,4.553935901877356e-05,0.0002968654784146842,0.20325337597922552,-6.0,10
Cmy,-6.374898545766522e-05,-0.003208432948257984,-1.3106724571165942,-6.0,10
Cmz,-5.222988356208952e-06,-0.0002561699780317367,0.015109622728995858,-6.0,10
Cx,3.960148425136646e-05,-8.007827382254877e-05,0.6476266914699209,-6.0,15
Cy,2.105854674578988e-05,-2.8871022201272232e-05,0.10947500243800148,-6.0,15
Cz,-1.6392754733276166e-05,-0.000687608561725465,-0.20779517582715945,-6.0,15
Cmx,7.515516936566183e-05,9.034671241646978e-05,0.19867995050440715,-6.0,15
Cmy,-6.308837976808153e-05,-0.002710351268501631,-1.3063023163610135,-6.0,15
Cmz,-8.00346763730231e-06,-0.00028048106240126,0.012457543303468922,-6.0,15
Cx,-1.190718883848605e-05,0.0002840305260459849,0.648373579451453,-6.0,20
Cy,-1.061420801120152e-05,0.0004369950062730116,0.11531829531209754,-6.0,20
Cz,2.551496419981724e-05,-0.0009523525353138251,-0.20978910862960093,-6.0,20
Cmx,7.573306115488363e-06,0.0009674407688372263,0.21204592546139428,-6.0,20
Cmy,3.7576876539621647e-06,-0.0031411779654874636,-1.3128174180236212,-6.0,20
Cmz,-5.6306950946423275e-06,-0.0004205098988464186,0.011159654471506871,-6.0,20
Cx,5.631330466767318e-05,-9.298760780129707e-05,0.6351016940641522,-6.0,25
Cy,-1.2495400246013107e-05,0.000274705136695285,0.11694646859429332,-6.0,25
Cz,-1.4864726300521087e-05,-0.0007275185442324261,-0.20233666834478697,-6.0,25
Cmx,2.315317042298839e-06,0.0006903114915653975,0.21915675290072387,-6.0,25
Cmy,-0.00012609957050260315,-0.0024006245163399617,-1.2946560051873246,-6.0,25
Cmz,-6.252684113307301e-06,-0.0003068336657680405,0.00670531471037687,-6.0,25
Cx,8.022896624405588e-05,0.0007894403525980217,0.6751877383029368,-8.0,5
Cy,-1.6572265987319653e-05,0.0002652760871729348,0.14561848350601003,-8.0,5
Cz,5.3391594940583185e-05,-0.003970600425378446,-0.22432044056562983,-8.0,5
Cmx,6.843916604257699e-05,0.00037533848552111297,0.267681445271169,-8.0,5
Cmy,-0.00013365016623686766,-0.0047661124496529384,-1.3534449850141663,-8.0,5
Cmz,-1.9842205380251482e-05,-0.00021817012753639755,0.012184155446088024,-8.0,5
Cx,5.087974290160174e-05,0.00034772137103831785,0.674731414373652,-8.0,10
Cy,1.3885673929573783e-05,0.00023811735607437353,0.1406207563003538,-8.0,10
Cz,-1.3089825499211032e-05,-0.001532030144094636,-0.20900237849889833,-8.0,10
Cmx,8.092108405767455e-05,0.000318441487872569,0.27806341037512655,-8.0,10
Cmy,-8.326952374381547e-05,-0.003412587015383092,-1.3582631661139284,-8.0,10
Cmz,-8.501708145431992e-06,-0.0002916271725836758,0.001278278686523357,-8.0,10
Cx,3.847162452839313e-05,0.00021426105633217687,0.6762657704600515,-8.0,15
Cy,1.553074715275705e-05,0.0001429943304269226,0.13997013259692265,-8.0,15
Cz,-2.77398995721578e-07,-0.0008404671826812731,-0.2120933208116715,-8.0,15
Cmx,7.588022610999668e-05,0.00034841662119666447,0.2823109944723871,-8.0,15
Cmy,-7.331962118025115e-05,-0.003056261404801348,-1.3628823801719938,-8.0,15
Cmz,-1.6598934574986426e-05,-0.0003650144993935849,0.00014605931798535813,-8.0,15
Cx,2.8898788536608043e-05,-3.074933515088122e-05,0.6692772633047103,-8.0,20
Cy,-1.4874264859395089e-05,0.0003472026235431043,0.14710765921322697,-8.0,20
Cz,8.291350503925037e-06,-0.0008085380397934047,-0.210257199212179,-8.0,20
Cmx,-9.966147184636427e-07,0.0008949964903914663,0.3011690427030847,-8.0,20
Cmy,-4.452496139183722e-05,-0.0026674529468181506,-1.362798728621249,-8.0,20
Cmz,6.611676075388393e-06,-0.0005392255433713066,-0.007900858098142508,-8.0,20
Cx,-7.5747533787496605e-06,0.00039227917891059076,0.6686981875728376,-8.0,25
Cy,-5.945983165546763e-07,0.00022301852782848154,0.14696144003786596,-8.0,25
Cz,2.2477010123230357e-05,-0.0008084672381007926,-0.21123493709315583,-8.0,25
Cmx,2.2669847223785352e-05,0.000779244133541716,0.30262461519603145,-8.0,25
Cmy,2.93477076886968e-05,-0.0032102860775409876,-1.3684706181707709,-8.0,25
Cmz,-1.2453352301180292e-06,-0.0003901637773753713,-0.012506991271230474,-8.0,25
Cx,5.488001709841836e-05,0.0005478920970952204,0.6919828747673114,-10.0,5
Cy,-3.29402130416555e-05,0.00035406837336630036,0.19672942711477126,-10.0,5
Cz,6.825352763193411e-05,-0.002604276789644017,-0.22680649819865265,-10.0,5
Cmx,0.00010203184755739833,0.00048640595862603134,0.3791552248662768,-10.0,5
Cmy,-0.00011572685149555763,-0.004141053603218797,-1.3848842736264304,-10.0,5
Cmz,-3.202441969654473e-05,-0.00019954243379680824,-0.0292465029763067,-10.0,5
Cx,5.505564265205599e-05,0.0004091307749598234,0.6949901819158917,-10.0,10
Cy,3.0968620190698485e-05,0.00030783399780651653,0.18540967998743052,-10.0,10
Cz,-1.5828697537754664e-05,-0.0014478860751653956,-0.2113857743561724,-10.0,10
Cmx,0.00013421543928096097,0.0004040094914519244,0.3866837330972311,-10.0,10
Cmy,-9.546872121641936e-05,-0.003588619845988036,-1.3982829619245105,-10.0,10
Cmz,-4.600771827907868e-05,-0.00016972421793868734,-0.03241014823246968,-10.0,10
Cx,7.32873637465839e-05,-5.647163093211987e-05,0.6889518518504758,-10.0,15
Cy,2.8720362002564863e-05,0.0003204688625563081,0.1857669109208503,-10.0,15
Cz,-3.3286073035603755e-05,-0.0007534586597622203,-0.20880549605845208,-10.0,15
Cmx,0.00010082680193601567,0.0005728177464491721,0.3972413513598491,-10.0,15
Cmy,-0.00012105853771968817,-0.002941392613321761,-1.3961326339286453,-10.0,15
Cmz,-2.7339048318229484e-05,-0.00030108157685007983,-0.03882107276379717,-10.0,15
Cx,4.060637050487412e-05,0.00021180421964883645,0.6858402392061567,-10.0,20
Cy,5.93543592576771e-07,0.0004233773638001737,0.1916739366794368,-10.0,20
Cz,-3.298460951515568e-06,-0.0008142122953157955,-0.2092139242238046,-10.0,20
Cmx,3.138556519774612e-05,0.0009083280778998953,0.4125566910264143,-10.0,20
Cmy,-0.00010418509310442996,-0.002883323832935716,-1.3935755182493716,-10.0,20
Cmz,-4.3839180681098157e-07,-0.0004617403487738791,-0.04645379785283067,-10.0,20
Cx,6.746357907136161e-05,-0.0004717919148452755,0.6851807685350014,-10.0,25
Cy,3.463276750194991e-05,3.630476447707441e-05,0.18664895750139446,-10.0,25
Cz,-1.8133950811053315e-05,-0.00047071620019263345,-0.20801811994780206,-10.0,25
Cmx,9.950699018195934e-05,0.00020118573071419983,0.4058223834952771,-10.0,25
Cmy,-0.00015676844486105338,-0.0014540902348467231,-1.3963241508215274,-10.0,25
Cmz,-2.7143725382923528e-05,-0.0002809696598288424,-0.04390265156801282,-10.0,25
Cx,4.850751254941169e-05,0.0010228556920666692,0.7114875443580869,-12.0,5
Cy,-2.0711234437062508e-05,0.0008240900613568914,0.25910557901116155,-12.0,5
Cz,6.310472545703412e-05,-0.003274154573264444,-0.2396720167132628,-12.0,5
Cmx,0.0001292560248356741,0.0013795358019004502,0.5222830773553127,-12.0,5
Cmy,-0.00011633077164502795,-0.004694231243626738,-1.4247748912766043,-12.0,5
Cmz,-4.490792817460396e-05,-0.0004057262972111194,-0.0805594394861504,-12.0,5
Cx,6.484448015895096e-05,0.0003058685428321445,0.7059400047730486,-12.0,10
Cy,1.67107187833055e-06,0.0004968945746794281,0.24990462447641,-12.0,10
Cz,1.0970099902529529e-05,-0.0015074553748955452,-0.21604601593290676,-12.0,10
Cmx,7.41685697549946e-05,0.000868354506576137,0.5329384976523064,-12.0,10
Cmy,-7.453496244734682e-05,-0.0035810506098189667,-1.4325605619628707,-12.0,10
Cmz,-2.2846194252146904e-05,-0.0003111938140095574,-0.0877611643528388,-12.0,10
Cx,1.9060220304520924e-05,0.0004283202448405639,0.7156631468371532,-12.0,15
Cy,1.6892483817955317e-05,0.00020782019354117346,0.2519406239252706,-12.0,15
Cz,1.4437333832390758e-05,-0.0010071163001786527,-0.22171790836069905,-12.0,15
Cmx,6.269510680117978e-05,0.00044251196366499777,0.5475118342824162,-12.0,15
Cmy,-6.34500944605648e-05,-0.003381805024001188,-1.4407758130138928,-12.0,15
Cmz,-2.1004503247994954e-05,-0.00010231651946057965,-0.09468966212859617,-12.0,15
Cx,6.90892490430981e-05,0.0009793851612185712,0.6967224992460265,-12.0,20
Cy,0.0001358172419983072,0.0018872808875649333,0.2463599810946695,-12.0,20
Cz,-2.540943772536288e-05,-0.0010224596735995265,-0.20677288445852224,-12.0,20
Cmx,0.00032413354982273096,0.004224906530515073,0.5383359043072533,-12.0,20
Cmy,-0.00016010133981443416,-0.004466945140891382,-1.4194032529860854,-12.0,20
Cmz,-0.00011505389855789752,-0.0014446147436664235,-0.09540234177215018,-12.0,20
Cx,4.762269828499566e-05,0.0002290505879405892,0.7028778588512906,-12.0,25
Cy,1.456415746204581e-05,0.00032107352356174724,0.24782091435701567,-12.0,25
Cz,-8.127921818502736e-06,-0.0007490858319554678,-0.20892842592643168,-12.0,25
Cmx,5.798951728303115e-05,0.0008774962449258261,0.5474489642604695,-12.0,25
Cmy,-0.00011344517275419246,-0.0030356473201745278,-1.4313818367331796,-12.0,25
Cmz,-1.341050049011438e-05,-0.0002993054363817186,-0.09769051759733659,-12.0,25
Cx,3.986195104996386e-05,0.0011550648754342805,0.7216119137608096,-14.0,5
Cy,-2.1752846049237336e-05,0.000903275066181164,0.32058061509082697,-14.0,5
Cz,6.379452632373558e-05,-0.002961634167680351,-0.23557117519453766,-14.0,5
Cmx,0.00012478738705732845,0.0016289620046410606,0.6621091039574281,-14.0,5
Cmy,-0.00012290519280103434,-0.0047858655273484915,-1.4500992221161224,-14.0,5
Cmz,-2.7726255485530964e-05,-0.000525398282079664,-0.13760541043749472,-14.0,5
Cx,1.7678427877272712e-05,0.0007960681926373602,0.7289705929781641,-14.0,10
Cy,-5.181589337646879e-06,0.0005312049443924258,0.3172111129354847,-14.0,10
Cz,1.792700091941944e-05,-0.0016181651125413803,-0.22433904906650415,-14.0,10
Cmx,4.450321977814252e-05,0.0012149912858898033,0.6849365809820283,-14.0,10
Cmy,-5.4939028919330645e-05,-0.004166363406906135,-1.4675189345675823,-14.0,10
Cmz,-6.738547652280577e-06,-0.0002765708515364574,-0.14722025425514904,-14.0,10
Cx,6.348044250999984e-05,0.00018493522749613597,0.7214496562349353,-14.0,15
Cy,1.627223278310436e-05,4.262971462459438e-05,0.3160719102078899,-14.0,15
Cz,-1.986120163496852e-05,-0.0006803524021473968,-0.2178669539055173,-14.0,15
Cmx,5.692779846487612e-05,0.0004252179203281569,0.6878131631976918,-14.0,15
Cmy,-0.0001098016019532568,-0.0033239032921414057,-1.4630700935291159,-14.0,15
Cmz,-1.4198259277335867e-05,-4.206195120965165e-05,-0.14871212156877905,-14.0,15
Cx,2.26317568534061e-05,0.0006404565022183275,0.7138351506718631,-14.0,20
Cy,-1.291583264693858e-05,0.0006544453832689458,0.3179946437227897,-14.0,20
Cz,-1.1212332752777867e-05,-0.0008635450383593283,-0.2096764083630646,-14.0,20
Cmx,-7.272668069293241e-07,0.0015690451721431479,0.695167366125307,-14.0,20
Cmy,-5.9953239823009637e-05,-0.0041945563455414794,-1.4535954775117124,-14.0,20
Cmz,1.426473503915948e-05,-0.00041231944482726283,-0.15623716918900818,-14.0,20
Cx,3.6646332267424716e-05,0.0001582295167836333,0.7158853312361667,-14.0,25
Cy,1.9162668704505967e-05,0.00024412169481877058,0.3114194057124831,-14.0,25
Cz,-6.886374338677742e-06,-0.0007538407448865761,-0.21232446749464584,-14.0,25
Cmx,5.793850169291993e-05,0.0008960896443192684,0.6884253442145155,-14.0,25
Cmy,-0.00011632588798355199,-0.0032408971070993957,-1.4562828639082468,-14.0,25
Cmz,-1.1202364807025256e-05,-0.00017557928309638963,-0.15295808720417983,-14.0,25
Cx,6.947273938376697e-05,0.0010299437737140676,0.7440465858110628,-20.0,5
Cy,6.450177829413e-06,0.0009219450029147008,0.5109742843400024,-20.0,5
Cz,-5.1239916642455206e-05,-0.0020650177474481352,-0.22310791521496967,-20.0,5
Cmx,7.64469418412745e-05,0.0027418495813191094,1.0867531167625775,-20.0,5
Cmy,-0.0001177028058365182,-0.005314495961126501,-1.4859217772886346,-20.0,5
Cmz,-3.6958016160192204e-05,-0.0006536668862086317,-0.2919937796424339,-20.0,5
Cx,2.9813092736234142e-05,0.0008447698089364777,0.7532072279171936,-20.0,10
Cy,-3.127081381550908e-05,0.0005167540934080233,0.5182752457896217,-20.0,10
Cz,-2.8388892402825593e-05,-0.0013673678416273327,-0.2225575932067382,-20.0,10
Cmx,-3.327748898710254e-06,0.0017612074163107423,1.1048579036493935,-20.0,10
Cmy,-5.625990701555123e-05,-0.004565848925011861,-1.5064141001665166,-20.0,10
Cmz,7.2796902963206396e-06,-0.0003552782723816482,-0.3025283169417428,-20.0,10
Cx,4.770366309686063e-07,0.0006067138673255634,0.7569565609755534,-20.0,15
Cy,1.881189667987411e-06,4.2819680147213125e-05,0.5109443059099201,-20.0,15
Cz,2.302913954640353e-06,-0.0010113744591293465,-0.22007489877353986,-20.0,15
Cmx,5.849107668339301e-05,0.0008107096727980733,1.0950779362955068,-20.0,15
Cmy,-1.964483689894624e-05,-0.0042348405613690816,-1.5129213609947734,-20.0,15
Cmz,-2.5668664504635696e-05,-7.352815190715011e-05,-0.2980617523853121,-20.0,15
Cx,5.3590222709894336e-05,0.00030201784195059075,0.7375383310404515,-20.0,20
Cy,-9.59985310900606e-06,0.00019413451135717562,0.5090567562599754,-20.0,20
Cz,-3.881587526023314e-06,-0.0009562482078382265,-0.20595828918346748,-20.0,20
Cmx,3.0274465548545063e-05,0.0010638726014151416,1.0962837243853987,-20.0,20
Cmy,-7.620714681610777e-05,-0.003930033408602634,-1.4897998177999026,-20.0,20
Cmz,-8.04704729594856e-06,-0.00020082386791736128,-0.3016817874361866,-20.0,20
Cx,4.735652102667126e-05,0.000975791482692832,0.7299811033046093,-20.0,25
Cy,2.761470984855847e-06,0.0005356356121330968,0.5029604044061525,-20.0,25
Cz,-8.58511988072912e-06,-0.0010362839003323367,-0.20375555658212077,-20.0,25
Cmx,6.306233416131789e-05,0.001622518083174022,1.0884055120567928,-20.0,25
Cmy,-0.00010621141927072424,-0.004830766626311582,-1.4708730549948135,-20.0,25
Cmz,-1.3775348511685407e-05,-0.00033788521125905084,-0.3001748952171369,-20.0,25
